City_ID,City,Country,Date,Lat,Lng,Max Temp,Humidity,Cloudiness,Wind Speed
0,New Norfolk,AU,2020-11-03 00:25:28,-42.78,147.06,79.0,27,87,3.0
1,Yellowknife,CA,2020-11-03 00:22:48,62.46,-114.35,10.99,92,90,9.17
2,Do Gonbadan,IR,2020-11-03 00:27:28,30.36,50.8,53.6,32,0,2.19
3,Boizenburg,DE,2020-11-03 00:27:28,53.38,10.72,53.01,79,59,1.01
4,Kapaa,US,2020-11-03 00:24:11,22.08,-159.32,82.4,74,90,14.99
5,Tual,ID,2020-11-03 00:27:28,-5.67,132.75,82.63,77,99,10.11
6,Upington,ZA,2020-11-03 00:27:28,-28.45,21.26,73.4,21,37,5.82
7,Mataura,NZ,2020-11-03 00:24:07,-46.19,168.86,61.0,64,41,3.0
8,Albany,US,2020-11-03 00:15:05,42.6,-73.97,37.0,59,34,5.5
9,Faanui,PF,2020-11-03 00:26:09,-16.48,-151.75,79.7,80,6,17.09
10,Ushuaia,AR,2020-11-03 00:26:06,-54.8,-68.3,50.0,81,75,12.75
11,Bluff,NZ,2020-11-03 00:24:10,-46.6,168.33,61.0,64,50,3.0
12,Otjimbingwe,NA,2020-11-03 00:27:29,-22.35,16.13,59.97,35,0,0.74
13,East London,ZA,2020-11-03 00:24:07,-33.02,27.91,66.47,85,65,12.82
14,Hilo,US,2020-11-03 00:19:47,19.73,-155.09,84.2,66,90,5.46
15,Stow,US,2020-11-03 00:24:18,41.16,-81.44,41.0,35,1,10.29
16,Kahului,US,2020-11-03 00:27:01,20.89,-156.47,89.6,55,40,19.46
17,Saint-Philippe,RE,2020-11-03 00:24:36,-21.36,55.77,69.8,56,90,5.82
18,Basoko,CD,2020-11-03 00:27:30,1.24,23.62,70.38,95,94,2.33
19,Prosec,CZ,2020-11-03 00:27:30,49.81,16.12,57.99,87,100,11.99
20,Letlhakane,BW,2020-11-03 00:25:10,-21.42,25.58,73.9,55,46,11.18
21,Pontianak,ID,2020-11-03 00:22:57,-0.03,109.33,77.85,90,82,3.74
22,Kodiak,US,2020-11-03 00:24:34,57.79,-152.41,28.4,50,1,20.8
23,Qaanaaq,GL,2020-11-03 00:24:20,77.48,-69.36,8.47,78,100,3.96
24,Punta Arenas,CL,2020-11-03 00:27:31,-53.15,-70.92,51.8,50,75,6.93
25,Sur,OM,2020-11-03 00:24:21,22.57,59.53,68.56,47,0,1.21
26,Bredasdorp,ZA,2020-11-03 00:26:23,-34.53,20.04,64.4,88,57,10.29
27,Lorengau,PG,2020-11-03 00:26:13,-2.02,147.27,86.58,63,2,1.72
28,Jamestown,US,2020-11-03 00:27:31,42.1,-79.24,37.0,59,90,16.11
29,Vaitape,PF,2020-11-03 00:27:31,-16.52,-151.75,80.55,79,5,16.98
30,Uthal,PK,2020-11-03 00:27:32,25.81,66.62,70.07,24,0,4.65
31,Butaritari,KI,2020-11-03 00:27:32,3.07,172.79,81.43,73,42,16.35
32,Chuy,UY,2020-11-03 00:26:40,-33.7,-53.46,56.64,90,34,6.76
33,Grindavik,IS,2020-11-03 00:24:30,63.84,-22.43,41.0,86,75,25.28
34,Dikson,RU,2020-11-03 00:26:22,73.51,80.55,15.06,94,98,13.18
35,Victoria,HK,2020-11-03 00:25:21,22.29,114.16,73.0,69,56,9.84
36,Khudumelapye,BW,2020-11-03 00:27:32,-23.88,24.75,70.25,65,84,15.75
37,Griffith,US,2020-11-03 00:26:23,41.53,-87.42,46.4,42,1,10.29
38,Hasaki,JP,2020-11-03 00:27:33,35.73,140.83,59.0,93,75,4.7
39,Kingseat,GB,2020-11-03 00:27:33,56.1,-3.41,45.0,87,40,16.11
40,Bage,BR,2020-11-03 00:27:33,-31.33,-54.11,59.0,82,0,6.93
41,Duki,PK,2020-11-03 00:27:33,30.15,68.57,50.13,28,0,2.77
42,Carnarvon,AU,2020-11-03 00:27:33,-24.87,113.63,69.8,60,23,19.46
43,Barrow,US,2020-11-03 00:19:47,71.29,-156.79,28.4,63,20,16.11
44,Borogontsy,RU,2020-11-03 00:27:34,62.67,131.17,-11.52,90,61,4.47
45,Castro,BR,2020-11-03 00:26:21,-24.79,-50.01,53.64,87,14,9.51
46,Agropoli,IT,2020-11-03 00:27:34,40.35,15.0,55.99,88,76,1.01
47,Katsuura,JP,2020-11-03 00:27:34,35.13,140.3,62.6,93,75,4.7
48,Nikolskoye,RU,2020-11-03 00:27:34,59.7,30.79,44.6,81,75,8.95
49,Cidreira,BR,2020-11-03 00:26:21,-30.18,-50.21,62.29,77,0,7.83
50,Qaqortoq,GL,2020-11-03 00:27:35,60.72,-46.03,26.6,49,98,4.7
51,Severo-Kurilsk,RU,2020-11-03 00:16:36,50.68,156.12,43.48,88,100,27.81
52,Neiafu,TO,2020-11-03 00:27:35,-18.65,-173.98,80.6,83,75,12.75
53,Rikitea,PF,2020-11-03 00:24:05,-23.12,-134.97,72.25,80,30,17.92
54,Mount Gambier,AU,2020-11-03 00:27:04,-37.83,140.77,80.6,42,91,19.46
55,Ostersund,SE,2020-11-03 00:27:35,63.18,14.64,44.6,75,39,14.99
56,Sitka,US,2020-11-03 00:17:35,57.05,-135.33,42.8,70,90,9.17
57,Fereydunshahr,IR,2020-11-03 00:27:36,32.94,50.12,32.68,80,0,0.63
58,Maralal,KE,2020-11-03 00:27:36,1.1,36.7,58.82,92,92,6.35
59,Puerto Ayora,EC,2020-11-03 00:27:36,-0.74,-90.35,70.0,93,92,5.01
60,Ixtapa,MX,2020-11-03 00:23:01,20.7,-105.2,84.2,74,5,8.05
61,Along,IN,2020-11-03 00:27:36,28.17,94.77,64.99,88,73,1.88
62,Kaliua,TZ,2020-11-03 00:27:37,-5.06,31.79,74.64,41,98,4.65
63,Upernavik,GL,2020-11-03 00:24:34,72.79,-56.15,15.94,92,96,7.7
64,Anadyr,RU,2020-11-03 00:27:37,64.75,177.48,17.6,92,75,4.47
65,Arraial Do Cabo,BR,2020-11-03 00:24:19,-22.97,-42.03,68.67,63,5,7.54
66,Naliya,IN,2020-11-03 00:27:37,23.27,68.83,75.52,50,0,10.65
67,Esperance,AU,2020-11-03 00:24:57,-33.87,121.9,59.0,100,75,10.29
68,Prince Rupert,CA,2020-11-03 00:24:30,54.32,-130.32,53.6,81,90,19.46
69,Hermanus,ZA,2020-11-03 00:24:13,-34.42,19.23,64.0,86,6,8.01
70,Hobart,AU,2020-11-03 00:27:08,-42.88,147.33,79.0,40,0,12.75
71,Sakakah,SA,2020-11-03 00:27:38,29.97,40.21,68.0,72,75,11.41
72,Cururupu,BR,2020-11-03 00:25:32,-1.83,-44.87,76.57,88,8,3.44
73,Nanortalik,GL,2020-11-03 00:19:47,60.14,-45.24,32.4,84,87,6.82
74,Chhindwara,IN,2020-11-03 00:27:38,22.07,78.93,63.46,42,28,6.6
75,Sjovegan,NO,2020-11-03 00:26:01,68.87,17.85,39.2,86,100,24.16
76,Bathsheba,BB,2020-11-03 00:27:38,13.22,-59.52,82.4,74,40,20.8
77,Leningradskiy,RU,2020-11-03 00:26:34,69.38,178.42,18.23,96,100,12.12
78,Sulangan,PH,2020-11-03 00:27:39,11.14,123.72,82.65,75,98,9.69
79,Veraval,IN,2020-11-03 00:27:39,20.9,70.37,78.69,41,0,13.76
80,Port Blair,IN,2020-11-03 00:24:05,11.67,92.75,80.11,79,95,5.26
81,Cabo San Lucas,MX,2020-11-03 00:27:29,22.89,-109.91,82.99,65,20,4.7
82,Iquitos,PE,2020-11-03 00:24:23,-3.75,-73.25,78.8,88,0,1.7
83,Stokmarknes,NO,2020-11-03 00:27:39,68.56,14.91,48.0,86,100,8.01
84,Bambanglipuro,ID,2020-11-03 00:27:39,-7.95,110.28,79.77,76,12,3.18
85,Vaini,TO,2020-11-03 00:24:06,-21.2,-175.2,78.8,83,75,14.99
86,Saskylakh,RU,2020-11-03 00:27:40,71.92,114.08,8.31,94,99,7.67
87,Fort Myers Beach,US,2020-11-03 00:27:40,26.45,-81.95,70.0,60,1,12.75
88,Kankaanpaa,FI,2020-11-03 00:27:40,61.8,22.42,57.2,87,75,16.11
89,Moron,AR,2020-11-03 00:24:47,-34.65,-58.62,66.99,50,10,4.0
90,Manavalakurichi,IN,2020-11-03 00:27:40,8.13,77.3,80.6,88,20,2.24
91,Busselton,AU,2020-11-03 00:26:44,-33.65,115.33,57.99,95,21,9.64
92,Mar Del Plata,AR,2020-11-03 00:24:08,-38.0,-57.56,60.01,87,0,9.17
93,Clyde River,CA,2020-11-03 00:27:41,70.47,-68.59,15.8,92,90,13.87
94,Iberia,US,2020-11-03 00:26:06,29.95,-91.75,59.0,47,1,6.93
95,Elizabeth City,US,2020-11-03 00:27:41,36.29,-76.25,43.0,60,1,6.93
96,Ancud,CL,2020-11-03 00:27:41,-41.87,-73.82,54.0,87,90,5.82
97,Ribeira Grande,PT,2020-11-03 00:24:32,38.52,-28.7,62.94,66,62,16.06
98,Atuona,PF,2020-11-03 00:27:41,-9.8,-139.03,77.92,72,43,18.19
99,Leeton,AU,2020-11-03 00:27:42,-34.57,146.4,75.2,44,77,6.93
100,Zhigansk,RU,2020-11-03 00:25:33,66.77,123.37,0.28,90,100,19.66
101,Kaitangata,NZ,2020-11-03 00:27:43,-46.28,169.85,59.0,64,45,4.0
102,Boende,CD,2020-11-03 00:27:43,-0.22,20.87,71.55,97,100,0.38
103,Hambantota,LK,2020-11-03 00:25:47,6.12,81.12,77.0,100,90,3.8
104,Hofn,IS,2020-11-03 00:24:31,64.25,-15.21,42.58,62,100,13.47
105,Riachao Das Neves,BR,2020-11-03 00:27:43,-11.75,-44.91,71.91,87,100,1.5
106,Gigmoto,PH,2020-11-03 00:27:44,13.78,124.39,82.9,74,100,3.2
107,Adrar,MR,2020-11-03 00:25:17,20.5,-10.07,80.22,17,100,9.71
108,Buchanan,LR,2020-11-03 00:27:44,5.88,-10.05,77.97,87,60,5.75
109,Palauig,PH,2020-11-03 00:27:44,15.44,119.9,82.83,69,89,4.07
110,Bandarbeyla,SO,2020-11-03 00:24:43,9.49,50.81,77.41,80,50,18.52
111,Saint George,US,2020-11-03 00:26:30,37.1,-113.58,73.4,20,1,12.75
112,Otane,NZ,2020-11-03 00:27:44,-39.88,176.63,63.0,81,100,8.01
113,Port Alfred,ZA,2020-11-03 00:24:06,-33.59,26.89,66.33,86,24,20.11
114,Raudeberg,NO,2020-11-03 00:24:19,61.99,5.14,45.0,92,99,20.24
115,Flagstaff,US,2020-11-03 00:27:45,35.2,-111.65,63.0,25,1,4.7
116,Champawat,IN,2020-11-03 00:27:45,29.33,80.1,47.82,98,0,4.83
117,Husavik,IS,2020-11-03 00:27:45,66.04,-17.34,37.4,93,90,16.11
118,Tamandare,BR,2020-11-03 00:27:45,-8.76,-35.1,77.74,80,0,10.51
119,Cayenne,GF,2020-11-03 00:27:13,4.93,-52.33,77.0,100,0,1.12
120,Sao Filipe,CV,2020-11-03 00:24:21,14.9,-24.5,80.96,58,64,3.83
121,Erenhot,CN,2020-11-03 00:27:46,43.65,111.98,25.03,77,0,4.38
122,Rampura,IN,2020-11-03 00:27:46,30.25,75.23,57.24,32,0,1.21
123,Souillac,MU,2020-11-03 00:25:36,-20.52,57.52,71.6,73,75,10.29
124,Fairbanks,US,2020-11-03 00:27:46,64.84,-147.72,-9.4,76,90,2.28
125,Point Pedro,LK,2020-11-03 00:27:46,9.82,80.23,80.42,74,5,0.58
126,Honningsvag,NO,2020-11-03 00:27:17,70.98,25.97,42.82,84,100,28.77
127,Zhovtneve,UA,2020-11-03 00:25:03,50.66,24.25,47.89,95,100,6.46
128,Luanda,AO,2020-11-03 00:27:47,-8.84,13.23,77.0,88,75,5.82
129,Navahrudak,BY,2020-11-03 00:27:47,53.6,25.83,42.91,90,100,9.53
130,Bilma,NE,2020-11-03 00:27:47,18.69,12.92,71.1,23,2,9.17
131,Torbay,CA,2020-11-03 00:26:18,47.67,-52.73,60.01,93,90,40.26
132,Banjarmasin,ID,2020-11-03 00:26:53,-3.32,114.59,78.04,86,100,3.36
133,Mjolby,SE,2020-11-03 00:27:48,58.33,15.12,51.8,81,31,18.34
134,Punta Cardon,VE,2020-11-03 00:27:48,11.66,-70.22,84.38,73,73,12.5
135,Novoagansk,RU,2020-11-03 00:27:48,61.94,76.66,17.11,97,79,5.5
136,Ubaira,BR,2020-11-03 00:27:48,-13.27,-39.66,68.68,90,100,5.14
137,Bara,NG,2020-11-03 00:27:05,10.37,10.73,77.49,30,76,8.59
138,Cape Town,ZA,2020-11-03 00:23:00,-33.93,18.42,66.0,88,0,9.17
139,Pingliang,CN,2020-11-03 00:26:41,35.54,106.69,42.13,61,96,3.98
140,Belyy Yar,RU,2020-11-03 00:24:04,53.6,91.39,33.8,93,40,4.47
141,Egvekinot,RU,2020-11-03 00:24:33,66.32,-179.17,13.51,92,96,1.88
142,Le Pont-De-Claix,FR,2020-11-03 00:27:49,45.12,5.71,55.0,73,53,1.01
143,Dalvik,IS,2020-11-03 00:27:49,65.97,-18.53,37.4,87,90,16.11
144,Juybar,IR,2020-11-03 00:27:49,36.64,52.91,65.03,65,89,2.51
145,Tasiilaq,GL,2020-11-03 00:24:42,65.61,-37.64,30.2,46,0,5.82
146,Havelock,US,2020-11-03 00:26:09,34.88,-76.9,44.01,60,1,5.82
147,Moranbah,AU,2020-11-03 00:27:50,-22.0,148.05,82.85,43,33,17.4
148,Airai,TL,2020-11-03 00:27:50,-8.93,125.41,75.09,43,61,3.94
149,Shimoda,JP,2020-11-03 00:27:01,34.67,138.95,64.4,93,75,2.24
150,Luderitz,NA,2020-11-03 00:27:27,-26.65,15.16,60.04,86,64,4.83
151,Mata,PT,2020-11-03 00:27:50,40.68,-7.46,55.0,91,100,3.91
152,Srednekolymsk,RU,2020-11-03 00:27:50,67.45,153.68,-7.65,87,0,8.39
153,Loikaw,MM,2020-11-03 00:27:51,19.67,97.21,66.04,91,59,1.12
154,Bethel,US,2020-11-03 00:26:08,41.37,-73.41,37.0,47,1,11.41
155,Georgetown,MY,2020-11-03 00:25:20,5.41,100.34,78.8,94,20,5.82
156,Bilibino,RU,2020-11-03 00:27:51,68.05,166.44,-3.28,90,93,4.52
157,Beringovskiy,RU,2020-11-03 00:26:22,63.05,179.32,27.55,91,87,6.44
158,Kamenka,RU,2020-11-03 00:25:29,51.32,42.77,39.99,91,18,8.52
159,Amazar,RU,2020-11-03 00:27:51,53.86,120.88,9.18,80,40,4.83
160,Roswell,US,2020-11-03 00:27:51,34.02,-84.36,48.2,34,1,10.29
161,Rovaniemi,FI,2020-11-03 00:27:52,66.5,25.72,46.4,93,90,18.34
162,Fortuna,US,2020-11-03 00:17:23,40.6,-124.16,48.2,93,90,14.99
163,Longyearbyen,SJ,2020-11-03 00:27:52,78.22,15.64,32.0,96,75,53.02
164,Saldanha,ZA,2020-11-03 00:24:08,-33.01,17.94,68.0,64,80,5.82
165,Thompson,CA,2020-11-03 00:19:09,55.74,-97.86,21.2,92,90,5.82
166,Praia Da Vitoria,PT,2020-11-03 00:27:52,38.73,-27.07,62.6,63,75,13.49
167,Formosa,AR,2020-11-03 00:27:52,-26.18,-58.18,73.4,53,0,8.05
168,Yulara,AU,2020-11-03 00:27:53,-25.24,130.99,91.4,13,22,10.29
169,Petropavlovsk-Kamchatskiy,RU,2020-11-03 00:27:53,53.05,158.65,44.6,81,40,11.18
170,Tuktoyaktuk,CA,2020-11-03 00:26:22,69.45,-133.04,3.2,84,75,8.05
171,Iralaya,HN,2020-11-03 00:27:53,15.0,-83.23,78.49,93,100,44.74
172,Port Hardy,CA,2020-11-03 00:25:15,50.7,-127.42,50.0,100,90,21.92
173,Sobolevo,RU,2020-11-03 00:27:14,54.43,31.9,41.74,94,86,4.68
174,Seoul,KR,2020-11-03 00:26:59,37.57,126.98,44.6,30,1,13.78
175,Tahe,CN,2020-11-03 00:27:54,52.33,124.73,7.02,87,4,11.74
176,Villa Sandino,NI,2020-11-03 00:27:54,12.05,-84.99,77.0,100,40,4.27
177,Gull Lake,CA,2020-11-03 00:27:54,50.1,-108.48,55.4,39,1,16.11
178,Dobrljin,BA,2020-11-03 00:25:02,45.15,16.48,48.2,93,98,3.36
179,Yakeshi,CN,2020-11-03 00:24:11,49.28,120.73,7.63,89,0,11.16
180,Northam,GB,2020-11-03 00:27:54,51.03,-4.22,46.0,83,21,3.0
181,Soubre,CI,2020-11-03 00:27:55,5.79,-6.61,72.45,98,40,2.62
182,Ryotsu,JP,2020-11-03 00:27:55,38.08,138.43,55.4,82,40,17.22
183,Oranjemund,NA,2020-11-03 00:27:55,-28.55,16.43,61.41,88,60,9.57
184,Cherskiy,RU,2020-11-03 00:27:55,68.75,161.3,-4.0,90,100,11.5
185,Santa Luzia,BR,2020-11-03 00:27:55,-19.77,-43.85,69.8,72,0,9.17
186,Palu,ID,2020-11-03 00:27:55,-0.89,119.87,82.18,71,97,0.65
187,Hithadhoo,MV,2020-11-03 00:27:55,-0.6,73.08,82.96,72,100,8.75
188,Laguna,US,2020-11-03 00:27:55,38.42,-121.42,81.0,19,5,4.7
189,Sao Joao Da Barra,BR,2020-11-03 00:27:56,-21.64,-41.05,68.76,67,83,11.41
190,Talnakh,RU,2020-11-03 00:24:43,69.49,88.4,12.2,92,40,2.24
191,Tucuman,AR,2020-11-03 00:25:17,-26.82,-65.22,80.6,28,12,6.93
192,Havoysund,NO,2020-11-03 00:27:56,71.0,24.66,41.0,87,75,23.04
193,Mount Isa,AU,2020-11-03 00:27:56,-20.73,139.5,96.8,14,1,14.99
194,Pangnirtung,CA,2020-11-03 00:27:56,66.15,-65.71,15.8,66,90,2.24
195,Buraydah,SA,2020-11-03 00:26:28,26.33,43.98,60.8,48,0,2.24
196,San Cristobal,VE,2020-11-03 00:27:23,7.77,-72.22,68.25,92,94,2.39
197,Christchurch,NZ,2020-11-03 00:23:38,-43.53,172.63,55.4,76,100,20.8
198,Ponta Do Sol,PT,2020-11-03 00:24:18,32.67,-17.1,69.8,77,40,16.11
199,Kachug,RU,2020-11-03 00:27:57,53.96,105.88,20.39,86,100,1.01
200,Lavrentiya,RU,2020-11-03 00:25:30,65.58,-171.0,21.18,86,0,2.01
201,Ouadda,CF,2020-11-03 00:27:58,8.08,22.4,71.24,71,77,2.8
202,Unity,CA,2020-11-03 00:27:58,52.45,-109.17,49.08,52,25,8.05
203,Avarua,CK,2020-11-03 00:27:00,-21.21,-159.78,73.4,78,100,11.41
204,Atyrau,KZ,2020-11-03 00:27:43,47.12,51.88,51.8,34,0,13.42
205,Vadso,NO,2020-11-03 00:27:58,70.07,29.75,35.6,93,75,39.15
206,Touros,BR,2020-11-03 00:27:13,-5.2,-35.46,78.8,83,20,9.17
207,Daru,PG,2020-11-03 00:27:59,-9.08,143.21,82.63,82,100,13.49
208,Altamira,BR,2020-11-03 00:27:59,-3.2,-52.21,82.42,57,28,1.36
209,Dauphin,CA,2020-11-03 00:27:59,51.15,-100.05,55.4,58,1,4.7
210,Kaya,BF,2020-11-03 00:27:59,13.09,-1.08,79.18,21,53,7.67
211,Clayton,US,2020-11-03 00:27:59,33.53,-84.37,48.99,34,20,6.93
212,Aswan,EG,2020-11-03 00:27:59,24.09,32.91,68.88,50,0,11.14
213,Mpongwe,ZM,2020-11-03 00:28:00,-13.51,28.16,67.03,71,77,3.67
214,Evensk,RU,2020-11-03 00:28:00,61.95,159.23,26.8,97,100,5.41
215,Banda Aceh,ID,2020-11-03 00:25:29,5.56,95.32,79.25,80,58,4.54
216,Goma,CD,2020-11-03 00:28:00,-1.68,29.22,61.99,78,94,2.73
217,Tautira,PF,2020-11-03 00:26:22,-17.73,-149.15,86.0,62,20,23.04
218,Mikhaylovka,RU,2020-11-03 00:26:04,50.06,43.24,44.58,87,21,5.73
219,Lagoa,PT,2020-11-03 00:25:15,39.05,-27.98,62.17,62,100,14.65
220,Gladstone,AU,2020-11-03 00:28:01,-23.85,151.25,78.8,50,75,12.75
221,Diapaga,BF,2020-11-03 00:28:01,12.07,1.79,78.75,27,61,4.76
222,Calvinia,ZA,2020-11-03 00:28:01,-31.47,19.78,71.01,23,22,9.22
223,Eldorado,BR,2020-11-03 00:24:28,-23.79,-54.28,69.06,49,95,1.23
224,Lompoc,US,2020-11-03 00:25:26,34.64,-120.46,70.0,72,1,11.41
225,Mandera,KE,2020-11-03 00:28:01,3.94,41.87,79.61,69,46,10.83
226,Puro,PH,2020-11-03 00:28:02,12.48,123.38,82.04,79,99,8.25
227,Qasigiannguit,GL,2020-11-03 00:28:02,68.82,-51.19,19.4,62,42,18.34
228,Saint-Louis,SN,2020-11-03 00:25:13,16.33,-15.0,88.27,13,100,7.87
229,Auki,SB,2020-11-03 00:25:30,-8.77,160.7,77.09,91,100,3.69
230,Shingu,JP,2020-11-03 00:24:57,33.73,135.98,60.8,63,20,11.41
231,Luancheng,CN,2020-11-03 00:28:02,37.88,114.65,37.4,59,0,4.47
232,Amaigbo,NG,2020-11-03 00:28:03,5.79,7.84,75.04,86,86,3.42
233,Cotonou,BJ,2020-11-03 00:28:04,6.37,2.42,79.79,83,51,7.29
234,Alice Springs,AU,2020-11-03 00:28:04,-23.7,133.88,91.4,11,0,11.41
235,Kansanshi,ZM,2020-11-03 00:28:04,-12.1,26.43,67.87,56,47,5.26
236,Port Elizabeth,ZA,2020-11-03 00:28:04,-33.92,25.57,64.4,88,0,13.87
237,Merauke,ID,2020-11-03 00:28:04,-8.47,140.33,85.96,70,100,9.98
238,Pisco,PE,2020-11-03 00:28:04,-13.7,-76.22,64.4,82,90,11.41
239,Dudinka,RU,2020-11-03 00:28:05,69.41,86.18,12.2,92,40,2.24
240,Port Hedland,AU,2020-11-03 00:28:05,-20.32,118.57,82.4,42,0,10.29
241,Norman Wells,CA,2020-11-03 00:28:05,65.28,-126.83,10.4,85,90,3.36
242,Sao Jose Do Rio Pardo,BR,2020-11-03 00:28:05,-21.6,-46.89,66.2,59,0,14.99
243,Huarmey,PE,2020-11-03 00:28:05,-10.07,-78.15,61.7,82,93,6.64
244,Itaqui,BR,2020-11-03 00:28:05,-29.13,-56.55,62.44,65,0,11.39
245,Kuah,MY,2020-11-03 00:28:06,6.33,99.84,80.6,88,20,3.36
246,Belmonte,BR,2020-11-03 00:28:06,-15.86,-38.88,69.8,88,90,4.7
247,Monywa,MM,2020-11-03 00:28:06,22.12,95.13,76.59,88,77,2.42
248,Rockland,US,2020-11-03 00:28:06,41.17,-74.05,39.0,58,20,7.83
249,Lakatoro,VU,2020-11-03 00:28:06,-16.1,167.42,84.2,74,75,6.93
250,Vila Do Maio,CV,2020-11-03 00:28:06,15.13,-23.22,78.8,50,0,11.41
251,Sheridan,US,2020-11-03 00:28:07,44.83,-106.92,57.99,44,1,3.36
252,Kasongo-Lunda,CD,2020-11-03 00:28:07,-6.47,16.82,69.98,93,100,0.11
253,Esso,RU,2020-11-03 00:28:07,55.93,158.7,29.79,95,100,8.68
254,Businga,CD,2020-11-03 00:28:07,3.33,20.88,70.95,96,99,1.19
255,Mahebourg,MU,2020-11-03 00:26:46,-20.41,57.7,71.6,73,75,10.29
256,Bambous Virieux,MU,2020-11-03 00:28:07,-20.34,57.76,71.6,73,75,10.29
257,Portsmouth,GB,2020-11-03 00:27:05,50.8,-1.09,50.0,78,0,13.98
258,Vila Velha,BR,2020-11-03 00:28:08,-20.33,-40.29,70.0,68,20,8.05
259,Lebu,CL,2020-11-03 00:19:47,-37.62,-73.65,51.58,89,81,11.36
260,Vila Franca Do Campo,PT,2020-11-03 00:28:08,37.72,-25.43,60.8,72,40,8.05
261,Vardo,NO,2020-11-03 00:28:08,70.37,31.11,43.32,82,100,27.92
262,Jaque,PA,2020-11-03 00:28:08,7.52,-78.17,77.95,83,86,7.78
263,Hay River,CA,2020-11-03 00:28:08,60.82,-115.8,17.6,92,100,6.93
264,Alexandria,EG,2020-11-03 00:28:08,31.22,29.96,71.6,60,40,5.82
265,Beyneu,KZ,2020-11-03 00:28:09,45.32,55.2,51.39,43,6,16.55
266,Batouri,CM,2020-11-03 00:28:09,4.43,14.37,68.99,95,88,0.49
267,Ushtobe,KZ,2020-11-03 00:28:09,45.25,77.98,37.27,77,73,2.08
268,Haradok,BY,2020-11-03 00:28:09,55.46,29.98,42.04,92,99,7.83
269,Chokurdakh,RU,2020-11-03 00:24:08,70.63,147.92,-13.22,88,74,9.71
270,Pevek,RU,2020-11-03 00:28:09,69.7,170.31,11.28,89,44,25.26
271,Kijang,KR,2020-11-03 00:28:10,35.24,129.21,50.0,53,0,13.87
272,Mengcheng,CN,2020-11-03 00:25:59,33.26,116.57,50.0,43,2,9.4
273,Nemuro,JP,2020-11-03 00:28:10,43.32,145.57,51.8,66,20,4.7
274,Darhan,MN,2020-11-03 00:28:10,49.49,105.92,22.96,86,69,4.23
275,Sarkand,KZ,2020-11-03 00:24:40,45.41,79.92,42.39,54,99,3.78
276,Inverness,GB,2020-11-03 00:28:10,57.48,-4.22,39.99,86,100,6.93
277,Kamaishi,JP,2020-11-03 00:24:43,39.27,141.88,51.8,100,75,4.7
278,Kingaroy,AU,2020-11-03 00:26:46,-26.53,151.83,71.6,49,34,8.05
279,Warrington,GB,2020-11-03 00:26:15,53.39,-2.58,51.01,70,20,6.93
280,Shakawe,BW,2020-11-03 00:28:11,-18.37,21.85,70.48,50,98,3.2
281,Tiksi,RU,2020-11-03 00:24:08,71.69,128.87,4.05,90,100,3.96
282,Koltubanovskiy,RU,2020-11-03 00:28:11,52.94,52.03,38.35,82,13,6.35
283,College,US,2020-11-03 00:28:11,64.86,-147.8,-9.4,69,40,2.19
284,Ilulissat,GL,2020-11-03 00:28:11,69.22,-51.1,19.4,62,61,18.34
285,Toamasina,MG,2020-11-03 00:28:12,-18.17,49.38,68.0,94,75,4.7
286,Hailar,CN,2020-11-03 00:28:12,49.2,119.7,12.0,84,0,10.65
287,Manokwari,ID,2020-11-03 00:28:12,-0.87,134.08,83.86,67,99,3.09
288,Severo-Yeniseyskiy,RU,2020-11-03 00:28:12,60.37,93.04,20.98,98,99,7.54
289,Lasa,IT,2020-11-03 00:24:58,46.62,10.7,42.8,100,40,3.36
290,Ust-Kulom,RU,2020-11-03 00:28:02,61.69,53.69,25.68,96,78,5.06
291,Provideniya,RU,2020-11-03 00:24:36,64.38,-173.3,30.2,68,90,6.71
292,Faya,SA,2020-11-03 00:24:26,18.39,42.45,55.4,32,0,1.05
293,Altay,CN,2020-11-03 00:28:13,47.87,88.12,29.05,82,70,1.74
294,Geraldton,AU,2020-11-03 00:26:20,-28.77,114.6,64.4,88,90,9.17
295,Coihaique,CL,2020-11-03 00:19:47,-45.58,-72.07,60.8,48,0,4.7
296,Beidao,CN,2020-11-03 00:28:13,34.57,105.89,46.9,52,100,2.57
297,Ferme-Neuve,CA,2020-11-03 00:28:13,46.7,-75.45,24.8,92,94,6.93
298,Graaff-Reinet,ZA,2020-11-03 00:24:08,-32.25,24.53,59.0,79,0,1.07
299,Conceicao Do Araguaia,BR,2020-11-03 00:28:14,-8.26,-49.26,75.81,81,79,1.28
300,Vao,NC,2020-11-03 00:26:09,-22.67,167.48,75.69,89,100,8.34
301,Bardiyah,LY,2020-11-03 00:28:14,31.76,25.09,67.66,64,61,7.94
302,Muravlenko,RU,2020-11-03 00:28:14,63.79,74.52,12.4,96,10,11.21
303,Truckee,US,2020-11-03 00:23:36,39.33,-120.18,69.8,10,5,5.82
304,Lakes Entrance,AU,2020-11-03 00:28:14,-37.88,147.98,78.01,61,19,3.0
305,Singaraja,ID,2020-11-03 00:28:14,-8.11,115.09,83.82,60,87,3.85
306,Nicoya,CR,2020-11-03 00:28:15,10.15,-85.45,77.0,100,75,3.36
307,Kruisfontein,ZA,2020-11-03 00:25:29,-34.0,24.73,57.99,95,2,1.01
308,Donghai,CN,2020-11-03 00:28:15,22.95,115.64,72.0,69,77,1.99
309,Saint Anthony,US,2020-11-03 00:24:27,45.02,-93.22,53.6,43,1,4.7
310,Naze,JP,2020-11-03 00:24:14,28.37,129.48,73.4,60,40,24.16
311,Keti Bandar,PK,2020-11-03 00:28:15,24.14,67.45,76.6,58,0,8.01
312,Wamba,NG,2020-11-03 00:28:16,8.93,8.6,74.3,46,100,3.91
313,Caravelas,BR,2020-11-03 00:28:16,-17.71,-39.25,72.46,74,97,12.46
314,Chardara,KZ,2020-11-03 00:28:16,41.25,67.97,48.29,46,0,5.23
315,Te Anau,NZ,2020-11-03 00:26:46,-45.42,167.72,64.98,43,62,1.59
316,Mingguang,CN,2020-11-03 00:28:16,32.78,117.96,51.91,44,0,9.44
317,Inverell,AU,2020-11-03 00:24:48,-29.78,151.12,73.99,41,0,5.99
318,Padang,ID,2020-11-03 00:28:16,-0.95,100.35,78.55,74,100,3.09
319,Lokosovo,RU,2020-11-03 00:28:17,61.13,74.82,20.32,98,84,5.77
320,Isiro,CD,2020-11-03 00:28:17,2.77,27.62,66.56,98,100,0.54
321,Sri Aman,MY,2020-11-03 00:28:17,1.24,111.46,77.0,88,20,2.24
322,Quatre Cocos,MU,2020-11-03 00:28:17,-20.21,57.76,71.6,73,75,10.29
323,Peterhead,GB,2020-11-03 00:28:17,57.51,-1.8,43.0,86,100,6.93
324,Inuvik,CA,2020-11-03 00:27:34,68.35,-133.72,-0.4,77,80,4.7
325,Barra Patuca,HN,2020-11-03 00:28:18,15.8,-84.28,77.77,85,100,26.64
326,Urzhum,RU,2020-11-03 00:28:18,57.11,50.0,28.4,95,15,5.3
327,Niquelandia,BR,2020-11-03 00:28:18,-14.47,-48.46,70.79,93,98,1.63
328,Kikwit,CD,2020-11-03 00:28:18,-5.04,18.82,71.26,92,100,1.63
329,Guanica,PR,2020-11-03 00:28:18,17.97,-66.91,78.01,90,100,14.38
330,Grenada,ES,2020-11-03 00:28:19,37.19,-3.61,57.0,81,0,1.3
331,Gat,IL,2020-11-03 00:28:19,31.61,34.76,68.0,75,2,2.01
332,Conway,US,2020-11-03 00:25:32,35.09,-92.44,52.0,76,90,3.27
333,Vostok,RU,2020-11-03 00:25:55,46.49,135.88,20.26,94,86,9.8
334,Okoneshnikovo,RU,2020-11-03 00:28:20,54.84,75.08,30.54,96,54,7.83
335,Nalut,LY,2020-11-03 00:28:20,30.33,10.85,57.81,63,0,9.95
336,Birao,CF,2020-11-03 00:28:20,10.28,22.79,75.34,37,0,4.38
337,Rypefjord,NO,2020-11-03 00:28:20,70.63,23.67,41.0,92,75,23.04
338,Blackwater,AU,2020-11-03 00:28:20,-23.58,148.88,76.44,57,88,12.73
339,Bure,ET,2020-11-03 00:28:20,10.7,37.07,55.17,81,0,4.65
340,Gazli,UZ,2020-11-03 00:28:21,40.13,63.45,49.1,41,0,12.41
341,Sisimiut,GL,2020-11-03 00:28:21,66.94,-53.67,19.71,86,100,18.59
342,Gravdal,NO,2020-11-03 00:28:21,68.12,13.5,47.62,79,100,25.55
343,Andenes,NO,2020-11-03 00:28:21,69.31,16.12,44.6,93,100,20.8
344,Tuatapere,NZ,2020-11-03 00:28:21,-46.13,167.68,61.0,64,45,3.0
345,Muroto,JP,2020-11-03 00:28:21,33.28,134.15,64.4,48,20,13.87
346,Umtata,ZA,2020-11-03 00:26:03,-31.59,28.78,59.0,93,38,1.12
347,Rio Grande,BR,2020-11-03 00:23:22,-32.03,-52.1,60.01,90,4,9.26
348,Sal Rei,CV,2020-11-03 00:28:22,16.18,-22.92,77.0,88,0,11.41
349,Whitehorse,CA,2020-11-03 00:28:22,60.72,-135.05,3.2,71,75,5.82
350,Cockburn Town,TC,2020-11-03 00:28:22,21.46,-71.14,82.42,81,87,15.61
351,Ashington,GB,2020-11-03 00:28:22,50.93,-0.39,46.99,3,0,3.0
352,Kutum,SD,2020-11-03 00:28:22,14.2,24.67,70.18,33,50,16.26
353,Balsas,BR,2020-11-03 00:28:23,-7.53,-46.04,76.82,82,97,4.03
354,Trairi,BR,2020-11-03 00:25:18,-3.28,-39.27,80.1,78,11,10.71
355,Kavaratti,IN,2020-11-03 00:27:22,10.57,72.64,81.93,69,0,4.05
356,Alekseyevka,RU,2020-11-03 00:28:23,50.63,38.69,48.15,86,98,8.59
357,Yerbogachen,RU,2020-11-03 00:28:23,61.28,108.01,25.11,98,100,7.83
358,Nome,US,2020-11-03 00:24:09,64.5,-165.41,23.0,79,90,4.7
359,Algiers,DZ,2020-11-03 00:26:56,36.75,3.04,51.8,93,20,3.62
360,Morehead,US,2020-11-03 00:28:24,37.27,-87.18,48.2,55,1,5.55
361,Pacific Grove,US,2020-11-03 00:23:57,36.62,-121.92,73.99,72,1,3.36
362,Madera,US,2020-11-03 00:26:28,37.17,-119.83,79.0,21,24,1.01
363,Mount Darwin,ZW,2020-11-03 00:28:24,-16.77,31.58,71.37,51,0,7.16
364,Saint-Pierre,RE,2020-11-03 00:28:24,-21.34,55.48,69.8,56,90,5.82
365,Kondinskoye,RU,2020-11-03 00:28:24,59.65,67.41,21.24,97,2,6.26
366,Harper,LR,2020-11-03 00:28:25,4.38,-7.72,78.1,86,35,4.34
367,Tall Kayf,TR,2020-11-03 00:28:25,37.08,41.07,64.4,55,20,9.17
368,Waris Aliganj,IN,2020-11-03 00:28:25,25.02,85.63,65.43,50,0,7.02
369,Paamiut,GL,2020-11-03 00:26:23,61.99,-49.67,32.86,84,100,20.2
370,San Felipe,VE,2020-11-03 00:28:25,10.34,-68.74,73.18,91,29,2.24
371,Santa Cruz Cabralia,BR,2020-11-03 00:28:25,-16.28,-39.02,69.8,88,90,4.7
372,Meulaboh,ID,2020-11-03 00:24:59,4.14,96.13,77.07,90,100,4.23
373,Zhezkazgan,KZ,2020-11-03 00:28:26,47.8,67.71,31.95,86,2,1.79
374,Kirkwall,GB,2020-11-03 00:28:26,58.98,-2.96,44.6,81,66,8.05
375,Tulagi,SB,2020-11-03 00:28:26,-9.1,160.15,75.2,100,75,5.82
376,Sola,VU,2020-11-03 00:24:24,-13.88,167.55,77.0,100,90,5.17
377,Matagami,CA,2020-11-03 00:28:26,49.75,-77.63,21.2,92,90,5.82
378,Vung Tau,VN,2020-11-03 00:28:26,10.35,107.08,78.15,83,55,8.14
379,Srivardhan,IN,2020-11-03 00:28:26,18.03,73.02,77.49,71,2,6.22
380,Biak,ID,2020-11-03 00:28:27,-0.91,122.88,81.86,56,92,0.63
381,Luau,AO,2020-11-03 00:28:27,-10.71,22.22,65.77,86,21,4.0
382,Najran,SA,2020-11-03 00:28:27,17.49,44.13,57.2,30,0,1.88
383,Codajas,BR,2020-11-03 00:28:27,-3.84,-62.06,81.43,64,54,0.4
384,Avera,US,2020-11-03 00:28:26,33.19,-82.53,46.4,70,1,3.33
385,Beloha,MG,2020-11-03 00:28:27,-25.17,45.05,67.33,85,0,10.42
386,Kavieng,PG,2020-11-03 00:28:27,-2.57,150.8,85.8,66,2,2.19
387,Mareeba,AU,2020-11-03 00:28:28,-17.0,145.43,88.0,56,16,5.99
388,Beba,CU,2020-11-03 00:28:28,22.44,-79.73,77.0,88,40,6.93
389,Codrington,AU,2020-11-03 00:25:25,-38.27,141.97,74.19,66,83,16.2
390,Moose Factory,CA,2020-11-03 00:28:28,51.26,-80.61,24.8,85,90,16.11
391,Florence,IT,2020-11-03 00:28:28,43.77,11.25,59.0,93,75,1.12
392,Port-Gentil,GA,2020-11-03 00:28:28,-0.72,8.78,78.8,88,20,3.36
393,Cololaca,HN,2020-11-03 00:28:29,14.3,-88.88,71.6,64,40,9.17
394,Imbituba,BR,2020-11-03 00:26:35,-28.24,-48.67,66.2,72,75,2.24
395,Rabo De Peixe,PT,2020-11-03 00:28:30,37.8,-25.58,60.8,72,40,8.05
396,Coquimbo,CL,2020-11-03 00:21:47,-29.95,-71.34,55.4,82,75,5.82
397,Acajutla,SV,2020-11-03 00:27:39,13.59,-89.83,75.0,70,99,4.41
398,Douglas,US,2020-11-03 00:28:30,41.3,-96.17,57.0,43,1,4.32
399,Tecoanapa,MX,2020-11-03 00:28:30,16.52,-98.75,82.35,68,46,5.14
400,Jiblah,YE,2020-11-03 00:28:30,13.92,44.15,54.32,42,0,2.1
401,Axim,GH,2020-11-03 00:28:31,4.87,-2.24,77.76,87,100,4.38
402,Comodoro Rivadavia,AR,2020-11-03 00:26:16,-45.87,-67.5,62.6,63,100,6.93
403,Pelhrimov,CZ,2020-11-03 00:28:31,49.43,15.22,61.0,88,91,9.26
404,San-Pedro,CI,2020-11-03 00:28:31,4.75,-6.64,77.36,87,10,3.87
405,Sibolga,ID,2020-11-03 00:28:31,1.74,98.78,76.82,76,100,3.31
406,Grand-Santi,GF,2020-11-03 00:28:31,4.25,-54.38,73.69,97,100,3.47
407,Russell,US,2020-11-03 00:28:32,32.35,-85.2,55.4,70,1,6.08
408,Mouila,GA,2020-11-03 00:28:32,-1.87,11.06,72.75,94,99,0.56
409,Saint-Joseph,RE,2020-11-03 00:25:07,-21.37,55.62,69.8,56,90,5.82
410,Tha Chang,TH,2020-11-03 00:28:32,9.26,99.19,80.01,100,20,4.54
411,Jaisalmer,IN,2020-11-03 00:19:47,26.91,70.92,70.81,20,0,6.89
412,Fengcheng,CN,2020-11-03 00:28:33,40.45,124.07,31.39,73,0,15.66
413,Lao Cai,VN,2020-11-03 00:24:27,22.48,103.95,67.48,82,100,0.67
414,Ponta Delgada,PT,2020-11-03 00:28:33,37.73,-25.67,60.8,72,40,8.05
415,Sao Felix Do Xingu,BR,2020-11-03 00:25:46,-6.64,-51.99,74.28,91,94,1.21
416,Khani,GE,2020-11-03 00:28:33,41.96,42.96,55.4,100,90,2.24
417,Dingzhou,CN,2020-11-03 00:25:28,38.51,115.0,37.4,59,0,4.47
418,Seddon,AU,2020-11-03 00:28:33,-37.81,144.89,82.0,39,93,17.22
419,Hovd,MN,2020-11-03 00:24:58,48.01,91.64,26.44,77,20,2.62
420,Zhuhai,CN,2020-11-03 00:28:34,22.28,113.57,72.0,73,20,18.34
421,Rodrigues Alves,BR,2020-11-03 00:28:34,-7.74,-72.65,77.99,63,54,1.48
422,Salym,RU,2020-11-03 00:28:34,60.06,71.48,21.63,98,84,4.68
423,Khatanga,RU,2020-11-03 00:24:08,71.97,102.5,10.49,96,100,6.49
424,Nehe,CN,2020-11-03 00:28:34,48.48,124.83,18.45,78,39,12.86
425,Leh,IN,2020-11-03 00:24:20,34.17,77.58,27.72,69,6,2.08
426,Tynda,RU,2020-11-03 00:28:35,55.17,124.72,-2.61,87,26,3.58
427,Hanzhong,CN,2020-11-03 00:28:35,33.07,107.03,55.49,51,100,0.38
428,Mayo,US,2020-11-03 00:28:35,38.89,-76.51,44.01,41,1,3.36
429,Sayyan,YE,2020-11-03 00:24:14,15.17,44.32,45.03,48,0,4.12
430,Tabuk,PH,2020-11-03 00:27:20,17.42,121.44,74.48,89,99,8.03
431,Omsukchan,RU,2020-11-03 00:24:07,62.53,155.8,13.19,93,100,5.28
432,Dali,CN,2020-11-03 00:28:35,25.7,100.18,58.59,89,85,2.89
433,Rochester,US,2020-11-03 00:20:36,43.15,-77.62,39.99,74,90,13.87
434,Valley City,US,2020-11-03 00:26:28,46.92,-98.0,44.6,70,75,9.17
435,Juanacatlan,MX,2020-11-03 00:28:36,20.52,-103.17,73.4,31,5,5.82
436,Sarangani,PH,2020-11-03 00:25:49,5.4,125.46,83.55,70,100,3.51
437,Udachnyy,RU,2020-11-03 00:24:07,66.42,112.4,6.8,84,90,6.71
438,Cariati,IT,2020-11-03 00:28:36,39.49,16.96,50.0,95,20,4.14
439,Carauari,BR,2020-11-03 00:28:36,-4.88,-66.9,75.83,92,89,2.8
440,Mizusawa,JP,2020-11-03 00:28:37,39.13,141.13,51.8,100,75,4.7
441,Fez,MA,2020-11-03 00:28:37,34.04,-5.0,60.8,51,0,9.17
442,Pemba,MZ,2020-11-03 00:28:37,-12.97,40.52,77.0,83,75,6.93
443,Adeje,ES,2020-11-03 00:28:37,28.12,-16.73,71.01,68,40,14.99
444,Xinzhi,CN,2020-11-03 00:28:37,36.5,111.7,46.09,48,1,1.28
445,Sorland,NO,2020-11-03 00:28:37,67.67,12.69,46.53,87,100,25.39
446,Colares,PT,2020-11-03 00:28:38,38.8,-9.45,62.01,93,100,11.01
447,Great Falls,US,2020-11-03 00:28:38,47.5,-111.3,64.4,21,1,17.22
448,Portoferraio,IT,2020-11-03 00:28:38,42.81,10.31,60.01,97,59,1.99
449,Stornoway,GB,2020-11-03 00:26:22,58.21,-6.39,41.0,93,84,5.82
450,Edson,CA,2020-11-03 00:28:38,53.58,-116.44,64.4,17,1,6.93
451,Shelburne,CA,2020-11-03 00:28:39,44.08,-80.2,41.0,66,97,24.27
452,Isangel,VU,2020-11-03 00:25:08,-19.55,169.27,80.6,78,75,5.82
453,Medina,SA,2020-11-03 00:28:39,24.47,39.61,75.2,13,0,2.39
454,Svolvaer,NO,2020-11-03 00:28:39,68.23,14.57,48.0,83,100,11.01
455,Junagarh,IN,2020-11-03 00:28:39,19.87,82.93,69.28,86,0,0.85
456,Camacha,PT,2020-11-03 00:28:39,33.08,-16.33,68.0,77,40,9.17
457,Staraya Mayna,RU,2020-11-03 00:28:39,54.6,48.95,35.6,100,90,8.95
458,Korla,CN,2020-11-03 00:27:27,41.76,86.15,35.04,79,0,1.59
459,Teterow,DE,2020-11-03 00:28:40,53.78,12.57,54.0,71,40,10.29
460,San Borja,BO,2020-11-03 00:28:40,-14.82,-66.85,78.66,42,9,2.73
461,Pokhara,NP,2020-11-03 00:27:12,28.23,83.98,64.65,37,0,5.93
462,La Ronge,CA,2020-11-03 00:24:34,55.1,-105.28,42.8,91,80,4.7
463,Gelemso,ET,2020-11-03 00:28:40,8.82,40.52,55.17,52,5,1.9
464,Alofi,NU,2020-11-03 00:25:06,-19.06,-169.92,80.6,78,75,23.04
465,Doha,QA,2020-11-03 00:24:29,25.29,51.53,77.0,69,0,3.36
466,San Rafael,AR,2020-11-03 00:24:56,-34.62,-68.33,78.69,17,39,12.84
467,San Patricio,US,2020-11-03 00:28:41,28.02,-97.52,66.99,63,20,10.29
468,Catuday,PH,2020-11-03 00:28:41,16.29,119.81,79.52,82,99,9.62
469,Kashi,CN,2020-11-03 00:28:41,39.45,75.98,41.0,41,0,11.18
470,Puerto Escondido,MX,2020-11-03 00:28:41,15.85,-97.07,84.2,66,75,3.36
471,Vestmannaeyjar,IS,2020-11-03 00:28:41,63.44,-20.27,43.5,72,99,30.56
472,Felanitx,ES,2020-11-03 00:28:41,39.47,3.15,62.6,82,75,1.12
473,Ormara,PK,2020-11-03 00:28:42,25.21,64.64,74.82,32,0,7.05
474,Celestun,MX,2020-11-03 00:28:42,20.87,-90.4,76.93,76,48,18.72
475,Newcastle,AU,2020-11-03 00:28:42,-32.93,151.78,69.01,64,40,13.87
476,Camabatela,AO,2020-11-03 00:28:42,-8.19,15.38,63.25,100,74,1.7
477,Doka,SD,2020-11-03 00:28:43,13.52,35.77,77.86,38,22,4.92
478,Noumea,NC,2020-11-03 00:28:43,-22.28,166.46,84.0,61,0,3.36
479,Anloga,GH,2020-11-03 00:28:43,5.79,0.9,78.8,83,20,2.24
480,San Jose,US,2020-11-03 00:25:15,37.34,-121.89,80.01,27,90,5.82
481,Planaltina,BR,2020-11-03 00:28:43,-15.45,-47.61,66.2,100,75,11.41
482,Acarau,BR,2020-11-03 00:28:43,-2.89,-40.12,80.02,81,3,12.39
483,Abha,SA,2020-11-03 00:28:43,18.22,42.51,55.4,32,0,1.7
484,Neuquen,AR,2020-11-03 00:27:30,-38.95,-68.06,75.2,50,96,5.82
485,Narsaq,GL,2020-11-03 00:28:44,60.92,-46.05,26.6,49,92,4.7
486,Las Cruces,US,2020-11-03 00:25:00,32.31,-106.78,69.8,22,1,6.46
487,Kyra,RU,2020-11-03 00:28:44,49.58,111.98,12.15,79,0,3.13
488,Carnot,CF,2020-11-03 00:28:44,4.94,15.87,69.6,90,90,1.9
489,Namtsy,RU,2020-11-03 00:28:44,62.72,129.67,-4.0,83,90,2.24
490,Javanrud,IR,2020-11-03 00:28:44,34.8,46.52,51.64,42,99,1.61
491,Newberry,US,2020-11-03 00:24:33,34.27,-81.62,46.0,75,1,3.36
492,Kaeo,NZ,2020-11-03 00:27:40,-35.1,173.78,70.0,86,100,8.99
493,Aykhal,RU,2020-11-03 00:28:45,66.0,111.5,6.8,84,90,6.71
494,Jacareacanga,BR,2020-11-03 00:28:45,-6.22,-57.75,75.49,83,37,0.87
495,Haines Junction,CA,2020-11-03 00:28:45,60.75,-137.51,6.8,55,98,6.93
496,Port Lincoln,AU,2020-11-03 00:27:50,-34.73,135.87,80.37,27,92,18.34
497,Draguignan,FR,2020-11-03 00:28:45,43.53,6.47,61.0,87,88,1.12
498,Coahuayana,MX,2020-11-03 00:25:33,18.73,-103.68,87.8,40,5,11.41
499,Shemonaikha,KZ,2020-11-03 00:28:46,50.63,81.91,31.39,98,100,3.87
500,Buzmeyin,TM,2020-11-03 00:28:46,38.05,58.21,53.6,46,86,2.24
501,Port Augusta,AU,2020-11-03 00:28:46,-32.5,137.77,89.6,19,11,20.8
502,Viedma,AR,2020-11-03 00:26:32,-40.81,-63.0,71.01,45,28,4.0
503,Mabaruma,GY,2020-11-03 00:28:27,8.2,-59.78,69.78,99,98,1.68
504,Ahuimanu,US,2020-11-03 00:28:46,21.44,-157.84,87.8,65,40,8.05
505,Pemangkat,ID,2020-11-03 00:25:38,1.17,108.97,79.61,84,99,6.87
506,Zyryanka,RU,2020-11-03 00:25:39,65.75,150.85,-6.56,90,0,6.11
507,Salalah,OM,2020-11-03 00:26:38,17.02,54.09,71.6,46,0,5.82
508,Westport,US,2020-11-03 00:28:47,41.14,-73.36,39.99,44,1,10.29
509,Port Shepstone,ZA,2020-11-03 00:28:47,-30.74,30.45,65.28,85,15,4.72
510,Cap Malheureux,MU,2020-11-03 00:28:47,-19.98,57.61,66.0,76,30,3.0
511,High Rock,BS,2020-11-03 00:28:47,26.62,-78.28,75.2,73,75,24.16
512,Georgiyevka,KZ,2020-11-03 00:28:48,43.04,74.71,30.2,80,48,4.47
513,Chicama,PE,2020-11-03 00:28:48,-7.84,-79.15,62.64,79,80,4.59
514,Kudahuvadhoo,MV,2020-11-03 00:28:48,2.67,72.89,82.22,70,70,8.16
515,Morlaix,FR,2020-11-03 00:28:48,48.58,-4.0,50.0,81,19,16.11
516,Pasco,US,2020-11-03 00:28:48,28.29,-82.42,64.0,75,0,13.11
517,Rundu,NA,2020-11-03 00:28:48,-17.93,19.77,70.56,64,63,5.35
518,Aranos,NA,2020-11-03 00:28:48,-24.13,19.12,69.75,58,89,13.09
519,Edgecumbe,NZ,2020-11-03 00:28:49,-37.98,176.83,64.0,78,100,5.01
520,Strezhevoy,RU,2020-11-03 00:24:40,60.73,77.59,26.6,86,90,4.47
521,Saint-Georges,GD,2020-11-03 00:25:03,12.06,-61.75,82.4,74,20,16.11
522,Hobyo,SO,2020-11-03 00:28:49,5.35,48.53,79.77,81,68,10.94
523,Lambarene,GA,2020-11-03 00:28:49,-0.7,10.24,73.06,93,98,1.12
524,Susangerd,IR,2020-11-03 00:26:24,31.56,48.18,59.0,58,0,2.24
525,Alyangula,AU,2020-11-03 00:28:49,-13.85,136.42,87.8,66,40,3.36
526,Marshall,US,2020-11-03 00:28:50,34.38,-86.33,46.4,45,1,3.36
527,Dingle,PH,2020-11-03 00:27:26,11.0,122.67,81.55,83,100,7.43
528,Muros,ES,2020-11-03 00:28:50,42.78,-9.06,46.99,95,26,1.01
529,Nantucket,US,2020-11-03 00:28:50,41.28,-70.1,37.99,44,1,25.28
530,Laela,TZ,2020-11-03 00:28:50,-8.57,32.05,66.0,65,85,3.09
531,Rurrenabaque,BO,2020-11-03 00:24:30,-14.44,-67.53,78.33,47,16,1.74
532,Wadi Musa,JO,2020-11-03 00:28:51,30.32,35.48,54.16,86,3,3.22
533,Dwarka,IN,2020-11-03 00:28:51,22.24,68.97,79.14,47,0,10.58
534,Marsa Matruh,EG,2020-11-03 00:26:25,31.35,27.25,64.4,82,40,6.13
535,Mbuji-Mayi,CD,2020-11-03 00:28:51,-6.15,23.6,70.12,91,83,2.19
536,Hami,CN,2020-11-03 00:28:51,42.8,93.45,34.34,82,0,2.48
537,Pemberton,CA,2020-11-03 00:28:51,50.32,-122.8,50.0,87,3,1.12
538,Lerwick,GB,2020-11-03 00:28:52,60.15,-1.15,48.2,76,36,21.92
539,Quang Ngai,VN,2020-11-03 00:26:55,15.12,108.8,74.93,85,93,6.58
540,Nuevo Progreso,MX,2020-11-03 00:28:52,23.17,-97.95,73.0,52,53,1.01
541,Nyurba,RU,2020-11-03 00:28:52,63.28,118.33,8.35,85,100,7.96
542,Congonhas,BR,2020-11-03 00:28:52,-20.5,-43.86,57.58,86,61,6.11
543,Asau,RO,2020-11-03 00:24:26,46.43,26.4,46.99,89,100,4.36
544,Flinders,AU,2020-11-03 00:28:52,-34.58,150.86,71.01,66,14,1.99
545,Obo,CF,2020-11-03 00:28:52,5.4,26.49,69.39,93,100,3.18
546,Sungaipenuh,ID,2020-11-03 00:24:32,-2.08,101.38,66.87,89,100,0.78
547,Opuwo,NA,2020-11-03 00:28:53,-18.06,13.84,65.25,27,28,4.59
548,Termiz,UZ,2020-11-03 00:28:53,37.22,67.28,42.8,48,0,4.7
549,Bonavista,CA,2020-11-03 00:25:17,48.65,-53.11,59.0,100,100,18.34
550,Grand Gaube,MU,2020-11-03 00:28:53,-20.01,57.66,66.0,76,33,3.0
551,Grand-Lahou,CI,2020-11-03 00:28:53,5.14,-5.02,77.63,88,90,5.32
552,Frontera,MX,2020-11-03 00:28:53,26.93,-101.45,71.01,37,8,3.0
553,Tromso,NO,2020-11-03 00:28:54,69.65,18.96,41.0,86,90,23.04
554,Broome,US,2020-11-03 00:24:21,42.25,-75.83,36.0,86,90,11.41
555,Constitucion,CL,2020-11-03 00:28:54,-35.33,-72.42,52.93,90,49,12.88
556,Aleksandrov Gay,RU,2020-11-03 00:28:54,50.15,48.57,48.16,52,99,6.73
557,Guerrero Negro,MX,2020-11-03 00:27:20,27.98,-114.06,73.0,63,11,16.06
558,Kemijarvi,FI,2020-11-03 00:28:54,66.71,27.43,48.11,90,100,13.42
559,Lebanon,US,2020-11-03 00:25:38,36.21,-86.29,45.0,42,1,1.68
560,Deputatskiy,RU,2020-11-03 00:28:54,69.3,139.9,-13.0,82,10,2.64
561,Yaan,NG,2020-11-03 00:28:55,7.38,8.57,76.62,75,100,2.75
562,Saint-Francois,FR,2020-11-03 00:28:55,46.42,3.91,53.6,87,90,4.7
563,Malartic,CA,2020-11-03 00:28:55,48.13,-78.13,26.6,92,90,8.05
564,Amga,RU,2020-11-03 00:28:55,60.9,131.96,-10.91,89,45,3.27
565,Oschersleben,DE,2020-11-03 00:28:55,52.03,11.25,57.99,84,66,15.39
566,Bontang,ID,2020-11-03 00:28:55,0.13,117.5,78.22,80,100,7.9
567,Akonolinga,CM,2020-11-03 00:28:55,3.77,12.25,67.98,96,80,0.85
568,Yatou,CN,2020-11-03 00:24:52,37.15,122.38,46.71,54,23,11.68
569,Vanimo,PG,2020-11-03 00:28:56,-2.67,141.3,88.11,58,100,3.18
570,Bubaque,GW,2020-11-03 00:17:24,11.28,-15.83,83.77,74,0,12.75
571,Caborca,MX,2020-11-03 00:28:56,30.58,-111.1,88.0,18,67,1.01
572,San Ramon,US,2020-11-03 00:25:03,37.78,-121.98,82.99,18,1,6.93
573,Dehloran,IR,2020-11-03 00:28:56,32.69,47.27,65.95,26,15,1.77
574,Wakkanai,JP,2020-11-03 00:27:14,45.41,141.67,46.4,45,20,16.11
575,Zima,RU,2020-11-03 00:28:57,53.92,102.04,24.87,95,100,2.15
576,Lebowakgomo,ZA,2020-11-03 00:28:57,-24.2,29.5,60.8,76,0,5.82
577,Khash,IR,2020-11-03 00:28:29,28.22,61.22,44.26,55,0,3.11
578,Innisfail,AU,2020-11-03 00:28:57,-17.53,146.03,79.0,56,22,5.99
579,Broken Hill,AU,2020-11-03 00:28:57,-31.95,141.43,84.2,18,0,12.75
580,Etchoropo,MX,2020-11-03 00:28:57,26.77,-109.67,90.0,25,18,3.0
581,Cheltenham,GB,2020-11-03 00:28:57,51.9,-2.08,46.0,76,8,5.99
582,Ulladulla,AU,2020-11-03 00:26:10,-35.35,150.47,68.0,60,20,5.82
583,Bossangoa,CF,2020-11-03 00:24:44,6.49,17.46,71.65,89,100,0.4
584,Caxito,AO,2020-11-03 00:28:58,-8.58,13.66,77.0,88,75,5.82
