lats,lons
-63.81992619034554,-167.12058181664182
-67.97833870558419,-7.370793369353208
81.95396891723234,-138.44594850714157
-41.49084245926112,-13.897855274730517
-55.22227783977259,-58.18641222277313
58.54965355921411,-161.11717752552943
-49.51158205760559,27.550982537412608
-2.93917893121548,-38.25823602394743
-19.061322875349802,-57.70155400692329
77.04092845199642,24.367362915955198
74.82928139223867,-82.55739586048483
84.43647976508706,36.66606126569923
-62.76705302459179,124.26101822551493
-37.578440760390244,139.71641034040027
6.64505841057597,37.614271699112635
84.02102896575258,-15.210942898769503
24.460503830640704,34.16620117361117
40.56932414305115,-173.34337649096264
-22.618471636886852,-108.72283561771002
-65.22934278417385,-82.16751050700911
20.86303701710534,-23.554266959777067
-5.3115905114959645,130.9222591177858
62.17261527159127,16.116133458272543
-14.005455361402369,136.69157062722633
82.85315113398397,65.53481674541896
-78.65467226409157,-19.663375071109016
-15.087318446512484,-153.3796178816711
6.153379926700097,-95.17586611822027
46.52148984001812,116.21418699526794
89.10539998645629,84.63805896830047
75.62611937521777,-29.28782231577921
-39.161837778179745,-59.47106366894428
-36.71606094982889,28.460733272530064
55.54106852274063,-125.91332360399403
86.88681816552207,169.2730539801766
80.82475553905724,50.435576417001926
71.27510020869946,-82.39840342890568
43.04519027520027,-6.420887928098466
27.100177890913116,142.4344803267623
74.44609200272905,-134.18218925126894
-3.489999628755413,29.765455371148107
-56.27035805354648,77.67088916948182
30.752556212271728,-75.05762932984942
40.02184971851162,97.42381966950603
85.81582299274618,90.87501253139652
-22.090675850641418,-162.81153155655355
4.101601367686911,-178.9154708645194
-18.401077122292264,75.50123204901149
30.286417196089218,-116.27017179787828
73.87694772013955,137.46691976215754
23.25868143955016,157.02883087183181
-6.793638919992517,-128.78960005580316
1.0776276690123296,-129.3940936895886
1.043647485527032,91.7367449180158
-36.2513365848111,-35.19363071309013
-26.246643491643354,76.04883502703018
53.27971612926913,-37.41502682488343
6.470653174940836,-89.58817026983824
57.76555971119029,174.69211686147958
15.873694182133846,-29.34164779775378
-66.83818586656795,-1.043074612680158
37.10288221982141,-134.87931151326012
32.633762824273546,98.5272702499986
10.185050477974158,175.1733297331064
72.35499335076088,-12.92169504358796
43.60728407730042,24.988908941802293
-49.77754673635063,56.583042156321085
83.06135954731863,-4.286511630573841
-60.54872615621751,48.152555399124225
-33.63448514040895,-60.88600441837458
3.457233608581788,-69.70931235259975
-26.204880613052147,41.38337626292221
16.04953733895755,58.27104523153898
-29.766937487917133,-178.65329463337
87.47459597033796,157.08121908136764
89.06760937168042,118.04328734496875
13.050607160539812,-6.57635974451162
-16.93234487158152,153.53650811399172
-48.48700425936423,65.72032517934693
-5.66838766633407,154.24493947255678
20.45933329169266,-57.54148850216154
0.5093813087552661,81.4592638239377
-21.091109045916156,-15.9632481362504
84.23552041236454,-66.82864962950507
-57.03767009839803,78.28842513102967
-53.11309119696495,-56.67960361647505
-73.77358797269302,-156.50627828945022
-78.95146052628748,-174.94870035195294
31.524388821225727,156.8542625364937
8.526915486277005,73.25551505758364
86.99262538414357,-100.56429047834831
30.93737378032904,12.207665720020998
-86.77599476347349,94.21546680255204
-52.435866068222886,9.785987504063797
40.46558670711039,140.5503704774278
-76.86884301045359,-149.84119232530335
26.087946949752308,97.16374196773012
36.242635054305865,152.37302887127186
-41.35865352813457,-160.8544989326446
29.234422830274866,-0.9182152199679194
-5.480211335140297,32.69249010535785
-17.76664252984925,84.02558146431704
-58.09303443336748,5.2179599466999775
-49.271713777506065,101.38913461526687
-66.70607879619706,-1.9112361976512204
-42.417573677240014,-94.82038236929867
60.51901536077713,57.55337683913487
59.10443794269841,130.55759920711182
-33.12576111537321,-85.5983674621512
-41.776415701346245,144.35759407691813
-56.756538250619414,-169.40456189041197
43.35098348317695,-35.533312334256266
12.921926422990424,162.46209453097788
-19.535955551903527,-119.88556511030905
31.204046241915464,72.62776629916692
69.98263781256367,-10.094293156550378
-78.00100135104583,-95.69238116626207
29.27411746586381,20.976882294542833
55.121541518889245,69.20366192853291
-85.60209600559875,11.257069298830771
-61.97448616875536,-4.78122783584908
-51.55020566107729,93.70105685736462
-33.63036347662709,-153.3912309579114
-87.31000901522923,11.83814224137106
-44.00757901592991,138.61860898010866
85.3779012840429,108.40020908682209
29.199823856064853,-40.79589686271913
-21.357783575613198,105.86788722167034
5.9132234630125,-29.51285831871982
32.87623273862063,-1.985144857624789
-7.204090138816383,17.958984446390673
74.10440490308045,-146.25666053336369
-28.99777971296875,102.41646568172041
71.14437997808679,18.502185575929133
-72.9778937931139,-95.88367647373668
27.358710857724375,-94.05125629648956
-7.444526174832006,99.55777333953387
-79.88980286085798,-82.09022100139205
52.16096453996013,-110.05262651108632
52.62051720137404,-162.66864842252699
-37.265487473686726,126.49931542932967
52.16923391139164,-63.93304239703578
-65.67207867621374,107.00410009076325
38.07256423749871,178.64341245340182
21.248160311436393,-94.91626418823488
-20.58579706901304,-23.484293829325054
-70.09129742063165,-93.23664042978247
67.6351665786515,-137.15707697439478
8.064032849727369,64.93391934957756
-33.3490968309284,-72.15747265644356
6.381315274863127,-42.626815341900596
-82.84401548220089,86.3428778033163
-22.33462050452097,-95.91205638377365
87.96863651547227,-53.3075254031333
-14.849082319681415,-123.57742275350083
48.61528429437743,-150.91147485282573
68.66828152319314,8.786953193014767
54.55963526114937,30.591252507399076
-63.97832320519042,-92.26339171187573
-34.77411000187283,-69.96520874526851
19.47532674507285,-118.45814968785825
23.33109752336719,126.1629980620329
-22.62589214155949,38.273182677841675
-33.430487689704144,48.41598061228285
56.72621633029047,61.339309340439684
3.7364914683146395,6.476720177855441
29.98396455375098,70.18065257293193
-54.31552973830126,-73.79579821882028
72.42471266593634,-179.73282040182428
-10.07925658294269,-94.72324470983044
0.9812088825918011,-27.331232140188035
18.41408900817399,-24.686554256153272
80.5579231154914,91.1171915198953
-58.15725174107942,105.75719614905046
25.661056090594457,-171.4575155567319
15.982906555180548,-36.98823066405021
10.829933361691701,-75.46107126270822
20.196028478850394,-60.66418583680408
-71.32100643211507,-179.93609887193833
7.217342549898106,-69.88695954144703
49.15566770010835,119.05408864322777
-47.2526160242435,54.29420050660477
51.68789441183387,-119.80303632094294
63.23578502089745,-1.745163423603941
67.57289176727389,18.329098820364067
-14.395021586179539,-129.2999732717989
61.38752337208993,36.26602314109135
-2.2033902937299388,-111.56497315717343
-2.4066971784831566,149.66007468222227
-27.278322639657496,93.57162904391419
-63.05020461635034,44.59624445066714
-2.7558562569766707,46.14166893519612
-64.53939030293282,-120.85421505337692
4.958421649294706,-114.8109590072914
-30.60552961657673,-102.98935956521548
74.87837697822945,98.89931392227396
16.12302444030537,-11.49879812184551
-20.712769860015527,52.43418652653057
52.084905763408955,12.561732336638244
-7.210043436311295,-131.49850342133965
-70.30465201111247,-95.07192951549933
66.3244941567352,171.34595538299783
12.58852238677575,-16.088919302449284
14.556484085698983,158.73063330044562
11.729009650031813,-14.460681550404644
77.59944720359152,48.94004941038824
-21.31066448286387,-40.793275834753615
26.445840567700614,89.82924710487322
-58.257835327039714,108.42810918798841
87.55922216385866,-162.37780469318201
-82.04399750977615,86.82041637801319
-74.61564636804528,163.57647104663886
33.94545249708108,-98.30363742930726
44.27279596243406,-162.66503871558427
-6.379384237712273,93.08530217750149
-57.63470569265037,16.95955132347285
-70.45595807303378,9.625930061247374
-51.99985141557485,-164.35535899879184
43.287370363434576,-39.624258126790295
3.743931779080228,-109.03025172989797
-21.151835817045253,18.124510808910088
25.69859550851143,89.7617971473087
11.919737529263045,28.209569589149197
49.10188415693764,-101.61653019282332
-19.823949633371583,125.6898825520434
29.218124492472143,-65.38875918153387
-54.75052805830145,131.46774825395835
-29.231232747643347,-141.5726955052958
-48.92651272895028,-64.42126918399819
-53.619996710420025,-70.45389309181775
-0.0379543073858315,18.990336132170086
7.027122616767258,152.46695069882338
-43.79468217226499,-103.5472026663775
13.164656326561115,-154.24076573341875
75.9312632964999,-147.9306616907947
73.61836966985499,152.46659071948994
-59.94136416699959,33.68244345419296
-2.9044076617206827,66.26042541266537
-32.9656046754834,-68.11540282165946
58.7712934645584,-89.64741961457989
-35.51732229926494,115.32362888092189
18.90507608854365,-4.688590341996957
73.90074974952546,93.53471141712413
80.29562993256269,-177.73769154348548
-85.2016760204317,-114.71442848332926
-84.40288130403002,-25.62982450611699
-39.14470407871028,-13.138379686540418
31.789733069091596,128.37443662190776
-43.89195676623353,104.10352184556888
8.166133382029585,86.92468740932571
-21.233676186965738,-25.312555809516
82.10587485622261,68.66939975815444
-33.9340100576469,-2.165678390445777
-69.05350330715697,104.90860867529125
46.6014877963637,77.1606113155305
-5.591830421925607,-62.2779789110387
-83.40071304995878,50.90366898527725
-51.583190215444,37.79217514399318
-46.821402894772305,58.18760000754398
87.50934052153337,-52.91336328747383
1.1290858364109368,-146.7824608933891
4.880468344864482,155.3064213161813
-38.410870484238565,-25.3876557112645
-75.53786971833524,-59.73029234147924
-45.41401001592197,23.21283660669664
-56.797084317363115,-54.649903467846244
55.94563354893063,-109.44570358376785
44.20899989534172,-45.28200837371446
-22.517992223247333,155.97191356711807
-52.388073025957084,-48.87666815517932
72.52159382624546,-134.99710138582859
-53.81371131089381,-171.05035519401628
-60.83205114742048,99.14153511754495
5.364171893466292,27.901868900502507
77.70958063257441,-17.435258837655226
-65.8156836450322,135.97413634961976
-14.392623128817291,122.05604575521448
-79.76798289170472,93.63577237549794
4.668447353559515,0.9637329391024139
80.66393392329991,16.354880316867394
83.18104843773673,111.29594157758658
81.47098633151464,-114.26158995037366
-16.913838020596728,-107.42096171956592
-4.50748887452103,-19.28837856814968
72.63223068540276,134.4508614555744
-45.18661551700642,-113.93043789077294
-50.92315961478814,-4.910061720555689
-80.01593172148807,-91.11101423830162
5.069212006203671,-71.60146096597036
66.0609862337719,27.242359180598783
-33.32108621247045,-42.20983332881488
6.601250204536612,17.968898671569377
74.2442518292057,-129.88785769420878
-22.898852650080173,87.5473611133936
-54.772755266377345,71.48304085425858
-0.8084807283258186,52.014129589430894
-59.32921489258142,121.78990109093365
-89.29383872464524,-47.64400845385791
-76.52179025527413,-91.29885344060497
-43.63568722433011,13.070329435856735
-69.78816900358154,-78.3767284419083
74.96852677288896,135.72955589543017
-21.07483572027965,-2.2224751453401552
-52.49312247909026,72.2768224321826
14.457909396303862,-174.23252608402348
42.39123341359462,136.14330840663456
88.39333138560968,45.402020100662014
76.08356312072732,-142.78872815281196
-12.808306458472217,118.76515370688281
36.220155541833364,89.8220539257265
-13.913192094895265,-108.28618744210141
-50.30076896058002,-158.13184597824247
28.89435974966692,41.55055832395422
-49.34013370646522,39.51640863481663
-51.59590823091669,138.0020334914788
-42.637948438126124,95.2059192347308
-47.78811360995796,-179.75332766528211
-65.48658827564527,-123.15708440570046
-53.0036381816541,29.507660210698816
-52.5788729249592,-67.07857916002965
65.71624234071055,-89.4108302278805
69.46020496842144,178.55980599870247
-21.507272726278245,-126.74577794814215
-66.57237817273395,76.23835376463069
-1.4516774930116014,173.19371914184302
73.81729866000666,72.33460207060358
-36.35630741068174,12.157703329585075
-26.249224282753147,-68.97017588931723
-4.559777820512522,-15.094753163797492
2.063031113384781,77.52309420217068
11.589449850978795,-137.80674100586293
-78.4270489009602,-41.62314454216727
-10.165895588183986,-2.2675233908964856
61.0353652748735,-78.88845583347751
81.3740694734523,-156.52057813461875
77.93656793888204,111.98050093659663
30.76983029030727,-155.21872969089267
-9.738348463749787,164.167568190542
55.762572174896746,-78.40011174723521
-45.96550513381698,-41.47936079210993
-53.80082110784763,156.6911460443714
-18.050851664043932,-148.678756391425
37.996177953621995,83.12157349140648
-69.47548689949069,-135.22591143222854
12.136191159332128,-164.6412572297047
-7.8295879120521334,-21.65129917558491
-54.59492566328229,58.08113264507756
54.82172515822154,-86.6876626716022
3.3611043898684443,85.62979038223011
67.49997638506042,-147.29861148049838
46.91883399072668,57.75807723726166
46.443423166702786,157.9437334074214
33.192759543830675,-74.60931319247189
87.0404552329353,-5.203690803241159
66.4969175183528,148.6860048065301
-77.55602773932029,-32.39247857995193
26.13211870611964,-118.41646680656767
23.613110741738282,-176.8433946178656
47.19213327870676,-176.33465102361666
41.46492559493251,70.17114221484621
75.61896270260212,48.5362655652998
-6.273696802257305,-36.00390583986908
-46.57968458778018,69.15623274873352
59.49227241738137,161.89165133044338
64.56364278133233,161.01735808269518
-84.776218400671,57.04576487982908
-47.88982199756076,-151.83199035041176
77.37921376376332,-87.24326785586585
-13.898609714549409,-164.57731986277565
61.95061597972756,84.46947362412527
-6.721083935019536,-46.08493531231363
87.90146535992315,57.87207085172943
-21.46095448726949,42.31699746932725
-72.85856256773741,-34.1471079622124
-21.145788625268978,-96.75310038458464
-76.46236654462734,35.575727616982704
-72.1152462272885,-167.24160146083102
63.50384804968411,121.44356684469187
21.773751808751626,-167.30403694193956
-60.681090992650105,10.808540826931619
55.821431359217,-37.61826781030226
75.68748773693119,-123.85301945307143
-41.55220107171593,107.62123217390354
-5.939952964038724,126.0624076239896
4.184469098569124,-70.39890208098019
-85.68519741210861,-31.16066117490118
31.3530423933975,133.7994840744375
-88.32248793762543,-98.68201949666737
34.152566208690445,6.987473892315279
37.359128847191315,-90.71416395467716
-83.22833259861575,45.72119656464815
-33.35377759019459,96.22460305772762
-74.04904159826903,-34.465946150662035
26.51162373514761,-30.72446179920962
39.75843040657284,-129.14045230362342
-53.54637434863814,-47.76196491775124
56.07083777547888,-4.257463424503953
61.57446605008053,131.17544376923445
69.82339931452387,64.83316278288908
44.628709732514494,70.7987393435044
-11.838364832470305,173.48151949404155
27.32172345413541,153.06464926495374
-20.33266155104191,-25.7327605096159
-44.54503938955591,19.393641777389178
-38.406505261069114,164.78189575070667
-39.74769456266628,22.879958543702685
-82.71894004255661,-158.0177985884145
-62.47367436303975,-1.3444696856477094
-0.79875444697673,-119.21925847238228
-80.41169547856788,97.70820318327128
-28.329830218901307,1.151851484940778
47.36180029820869,-135.7249671011671
-42.06281759400493,-130.96920900853047
1.315025073668366,-92.081502351953
9.682247780620884,161.07424574763934
-75.67747908830601,9.788122455890914
-25.9358879978829,-108.48988047741932
74.72437368755988,-66.09977264267134
12.742367418775586,-108.96385401171531
-35.17139273298529,28.738872657051132
-62.68287016346224,-130.26978587174324
-30.432146079218626,25.247209308202287
75.43956143759817,-56.82367529263797
53.013176181004354,49.79573673556371
56.05433450676233,158.70298243073262
-43.56317182129185,135.03241402364756
-71.41322369672764,47.141300453810175
-59.44219446094274,-168.589210232457
-13.486773533518218,18.048787448729485
54.57627907081218,-103.94398085674872
52.66250020442794,-24.378329912282936
-70.52897770980105,158.15623359252584
33.63914765007304,105.30794759225142
-19.95827380030275,-103.64004871782836
56.45537291484294,55.70068773596418
60.45500772734246,41.26241701592667
79.3828228226159,-108.23819256941071
70.34190892644293,-20.27940797688308
-34.150578817836184,-38.75732355136245
19.882029219678074,3.852557853169486
-4.357756728337719,110.73720880490737
89.91636841857743,-126.31064513241276
-24.799969117367795,-129.54245375189308
-38.19993333041157,37.430383287450155
28.661903790796316,-57.80290110156254
88.1370822161362,-31.440735181594818
-84.3069942656742,-155.6826882840297
-59.699537111669834,-28.04789410848025
-52.14039297857367,-33.80193340468179
-65.3023522510402,62.17513118229283
53.078368519297214,116.80908488941265
13.498595978650414,7.055564956492731
81.40490368852906,126.61087834046242
-34.37798479639518,-1.7554516145406183
28.655104162751016,-178.38601784206034
10.028251032547416,162.54867661759198
-31.30914546778078,-85.9985417924973
-76.88121296604297,6.634795728224361
-72.83134243182943,-24.674167992489885
77.49124029327496,-105.81007539720225
-23.894636898678257,-34.459183331619414
-25.96440400872774,69.96134775149872
-72.59854214771767,108.82618828418452
-8.994269200390207,-36.48416891316151
-36.135733900376266,-18.160771407527562
-31.375707577509374,83.47241701619458
-25.969715710691162,-100.11816406820856
-53.745840979264685,78.71226700642438
10.35819871675315,-157.81941093034544
10.873117893174893,166.9492338911678
67.00714475067517,-77.48205401420887
73.14450463426022,-83.45790296158353
-52.89885350774702,51.39751053353939
4.895264596222333,-112.2053993651748
-59.96745578525437,-98.8525425806608
64.31315022046167,95.76746495650764
34.53409923295257,-52.60528691204118
-22.389539597012927,-17.41307380312341
59.24350753088379,-55.1913089058131
70.13640753524007,-161.45664332526437
-63.901613868614305,110.97408545819843
56.41072517151247,131.22384977556914
85.52652468496316,48.82340225795858
-1.0127765645813582,61.12123514754822
29.159188064380473,-67.83192283027088
76.53054591269313,55.9842159618334
27.187291314832706,115.01586398143735
50.57703658831602,177.8392815693045
7.7444436058469535,168.03069901357748
20.482661807870315,117.75791078073865
-28.34420574125565,18.04185688052931
-12.719622524801977,47.84880661414118
-5.653671728199086,-61.70417968503969
-73.4057220940523,174.76020492097967
-26.929753329498638,-14.041247442012207
-68.6374614668213,-66.92441577463994
18.185046653921376,-89.03895330116273
42.10052193843504,-66.3214710354366
82.5562691542666,34.58586531193944
-62.15960546142949,-62.343705511702694
20.31143407110868,65.71401303765481
-17.595089821779368,-131.9348658983222
39.94324796624795,167.02755801571914
-16.882797830445938,22.34213719163415
-67.11203021521995,-146.24400172671568
-16.47260743481013,-0.814230027468966
-30.48207643227608,-118.10846116707637
78.70797005017522,164.72188371537317
-36.39148053717405,80.09539918401697
60.65474655378867,34.11994857352198
-34.60649435885414,4.290876894460496
-80.27266160701431,-80.63539554951738
-14.562803552116321,-101.96755149082463
-15.994658491386417,-162.1424025161141
-20.913631267006537,-80.51035855284707
-31.75957841991817,171.78876889038276
45.28660704274009,-25.837880224326398
58.81499052530742,-99.87302592905216
22.196446222322905,-62.55894311724518
18.40296772558726,41.48235805848651
-50.31752329638079,-121.11649221148639
19.52041295856904,-92.1068730458126
-22.37283364968387,-55.68183983533858
-67.37203153388005,109.15604553840978
74.53961406649034,140.56086526657526
60.889969781833685,138.56661346821943
28.43849160534714,173.38580870299927
-1.0285922438469584,145.5881906156925
62.771796296013946,96.11705263479615
72.95499344168186,-154.2063419031565
56.7301094877098,146.0153583140667
-78.14783446180718,-128.1410336786231
33.94597338768611,-111.88396897568664
18.12196083645229,-144.61599694209934
60.35340600622362,-59.85203120808366
-3.781226067115796,179.80880411015897
-86.26451355191989,-21.131692664120294
86.50617765696606,-148.7171094665381
-77.51608234047465,118.06146186918977
12.863176287862046,-91.94122643514456
29.481963835260018,136.3611752524402
36.24433807090806,87.19393083169984
-1.3414972206717692,176.01333603454844
32.325597087798855,18.44039507518727
-8.889642886542163,24.086706955385466
41.02280975627164,-139.18438743026863
-60.86212208818104,36.179204815170664
59.34766644287052,-0.5223923049366874
73.01307298104604,-97.32600305789349
-19.125947431318025,-104.22946338515519
86.33097149515581,117.25523442439732
-28.890517332706587,-172.18993041889715
-76.29461139247098,138.71772411418078
56.08054165719784,-172.46837180604717
4.635265148243477,-153.9354685665545
65.79902047138927,-17.37483175283805
21.216598365961758,121.98040271472826
-61.54868535415258,97.34749106415376
-39.93541922599381,-78.2032843374356
75.20233716636474,-144.7394826200625
-25.762418853865,-72.84946552715054
54.463349228305844,-94.25498636215936
-24.225165596339508,37.11956648992282
67.43864252531839,-159.9823438046786
-24.702228511910548,-155.196823236556
80.43233576224307,-89.35662186855663
-44.677955868175495,-159.4552303842438
79.9174187401506,-78.79797307403221
-80.74994647662376,145.5354769490445
84.28676774580137,-131.2446401143179
-37.21359829831292,90.8397201953128
46.76374510564966,-116.17771043522036
-72.93241532214859,151.65451537575137
46.69357017186118,-45.820760151382586
-67.3205158766816,-117.48873647893058
-88.8062809658021,45.94849027934359
-37.20490174775763,-36.12090287881412
-73.29656641366003,-65.97330656868922
11.455435152941902,24.465834876380484
-33.67646171167143,-109.61991782608193
-3.3673453121457158,7.857196307563186
-59.62885826848431,-25.793597835752507
-65.99655942670725,-134.333313256259
39.39957024168922,173.00913444295492
-14.138564802683035,-73.13599974289073
-27.02294208986625,-145.4559662667303
79.18692893234288,5.3883879456469685
-58.466101908476546,-69.07213042260962
-56.7730500122602,-74.41276683404834
-83.45836698726339,-118.67978926914999
-51.488679210070146,153.90638602790114
-39.77074866971341,-151.9299188638899
72.72005634520002,-123.13317433193488
66.74221917456725,123.0976982419582
23.80839833896509,128.4934017750499
35.79432542223675,91.54670907480693
88.8757750721256,39.03207144919352
77.45541890923013,-86.62399995240074
76.04569856983255,-56.40367070359275
-26.394089682729792,65.61736404633243
-67.22080303664552,-45.4042259675619
-51.48250572287439,134.28105706444177
-36.01814292703488,-117.60555856131687
54.97403845818812,14.367596762989024
43.89194124001645,-159.72321663322452
23.209350789080005,-0.46126456990631937
8.080806108033485,158.56809573504148
-7.1881572002797185,-4.864233135478287
79.00313039015265,-42.631144839181445
2.958398255085257,-115.93325967436292
56.4182545129207,108.18653268229298
-2.3018350401373624,-153.38250669606336
25.354125736878714,168.07920235266738
-64.4047147073569,155.0304962831749
-2.071334434821054,7.118877841936609
-81.57781053300855,-9.133751307277322
9.319750138424396,169.29542971518606
80.46898824165282,-112.0348598754726
-23.76793923866039,-172.03877696182087
45.14384152038599,154.0863131954979
-45.36639198554167,-75.74068329665931
-0.6360390897617378,166.34464024477268
-24.06670403495255,57.35741102179833
-40.432094003773116,21.247503892650997
-82.52631141099373,148.45022564538783
61.65540333589715,154.30022653847976
-19.135928852857944,158.96370118466638
21.60989203603046,-58.287184400311574
2.6954228739647164,-17.142457513573248
-23.83607333337757,-151.63125496024443
10.108763842484933,-73.31085961880687
10.68078388130455,-91.76333408176957
-47.23257706245887,-51.00698715206167
16.771110788702984,27.161723856590783
89.76215907597555,-79.99525194423671
-34.70175439258098,54.670195918214745
32.11099786377949,-49.95265815814818
-48.59393185344329,10.477737437217542
52.20557304230695,28.28868606041698
76.47497068931787,143.95414563656914
1.887503748269765,-53.95175932905113
79.77066961168887,-97.68637632046239
-79.54649785437289,45.502072103496516
59.32690367518927,-142.45689251557374
46.86177753424593,86.92097714430918
-77.54594449329144,131.59816605835385
88.19134920798382,-117.8705714134361
-56.123750247953566,142.46456390328848
-74.63767543380736,-52.58332880961662
26.29456193926586,134.13310573132748
-88.50596092603982,103.08862844526766
12.77339286817346,141.27129908303579
70.1122569531583,-136.67848804070076
62.56691654486252,-45.31508518045578
-22.614905555658424,-108.91480263305598
71.3902968002449,45.95521226788466
-89.88504151359727,-21.212878237507482
-41.92154500117011,-7.573447431541069
18.495640546451355,-51.5331380277934
48.03619097915467,148.56451022262718
5.782583789477272,-87.94294350445143
40.35245041567018,-172.5804177731586
33.634821287473144,179.88317485648145
-26.8009631403578,-92.3198783792901
-20.68822443818216,-74.02445344827666
-31.69689852652258,-146.2488793426822
31.95780935436008,92.38598166464095
67.76882584079448,-127.75759114305926
-76.71409747671373,7.780935835427357
48.98441905899247,18.0683004486728
-56.15155789461018,134.84784131916234
52.361785179734085,79.87766394339712
62.2638986750255,-82.60491447997185
-19.95563510386947,6.283584431906235
-69.85066666916065,-64.78103854611247
-3.6769677786781187,71.26461832271727
-33.28630891161071,-179.23365779816726
-11.519560352479203,-112.28928606226086
-32.44127851608635,-8.188728320252721
-59.97151245400801,136.28805086145604
51.81185578461543,-82.17197195487513
-46.37510019450609,159.03721928058314
-25.018440383873383,115.18827185777661
-73.78465282792693,55.90594388563963
76.12473781623027,-83.49569816999148
64.85498018402194,94.1119885437057
-69.8782821822351,-43.633211904803034
-84.28772490433866,179.97763461763458
-36.47311092341826,-64.8308396758818
68.18926207259713,-94.06518809948577
-44.78179284653451,93.47451340360908
-60.70481241859092,-40.770005759281446
15.222483727709232,178.9214927831203
-70.67227945989785,81.46261253886797
-44.894468077140395,-166.93237127378555
65.79186339951215,50.70061216888686
-48.29530193437005,-176.6969768737841
-24.36902704630039,176.81810431987634
18.152843797883165,-96.40646180522818
-11.86744633946131,-100.12024893081288
-80.00194545935538,-49.95897513214615
57.35172923723093,-121.10424761951947
-84.65481927758954,114.118822944378
70.64002040462228,-171.86435053656854
29.857510232498825,-56.3459167139124
-11.49446929866835,94.6041553246049
-39.51623825814354,-36.11533929417021
-54.12851818578391,118.47817302497708
-32.049500187129226,-34.08350067225649
39.907701437020194,103.72001805913243
-37.42178140000349,-100.45595843677474
73.12076214342005,95.30617082804088
-11.818183740226317,-58.2286030318955
72.12819940411461,-47.22944721148238
-30.8541841433547,-28.019970578946868
-5.824993547511781,-10.48705679033435
-84.23750413179441,28.439205311965367
-15.735405356367437,39.56553706990064
9.152107906155749,-100.02539633197765
-71.12308563346969,-51.61357327240114
61.29009215517851,-23.418474399543157
35.86878310966071,-99.90231280714507
37.04052334418098,-25.934801199080965
-46.05274446499601,-1.62753823903725
63.42426150750805,166.8324025304898
70.99062650072614,-87.65777946106138
-34.27983132189831,48.02028645186803
-62.570368671324125,-87.41049752893714
-53.46412485394593,-17.78024970076632
-64.78468831889961,-41.04073305381732
59.6353784612341,-131.86359710295582
-4.484223451936728,70.97165718804365
50.85451610032399,42.49200430226517
32.71191119314582,91.3694822242478
20.239589989498086,-38.385789482247475
56.6922489189416,4.384724960644348
-59.39862033476973,-114.16499325500452
-3.5300915965997035,11.021614829829218
78.34246702840792,-136.70788632606406
42.10670003149667,84.50973952370862
-81.56774288869244,4.0786651680541866
-45.446795463884705,-116.90808738890766
20.06818776750123,-19.005738869381133
-29.980960966645583,107.37942049075986
-41.49946675152533,-126.14493252776745
-38.01203195385437,126.7280258502226
87.31874422397732,-145.56279904576985
-63.38450721236948,157.33595204151152
87.79165547594135,-70.93183613622831
54.42333456556514,41.26935780666952
67.64765354951444,134.96230305145372
57.110133159501544,97.4299280532154
-67.78393718705786,179.38045538674493
69.4081497732991,43.784110364287415
-83.95975842487591,-160.39592877253477
-87.73500120040437,40.456437681157894
35.56858902110055,-50.76871598572464
-52.80486315703885,99.14276782237783
-82.9241333181345,0.5166494510919222
-47.79048116029402,169.66591463292787
65.5898185853714,-178.45586958790818
-57.272682468272315,-125.66638535399863
58.18575431106862,172.39568063854063
15.879168363076332,-123.50789716720625
61.1395462111669,7.704183114856789
-26.622834571942377,-105.85774240322226
50.66121426711712,85.69154116958771
79.44770988296389,-90.58004418799426
6.175765589035407,162.09654822798268
-78.17875265299118,-145.251963798328
31.244873611629203,-120.59674981373036
58.270137873180204,24.603595940465482
-63.51069017942002,-11.780071600733493
-53.339677297242325,77.67844448035743
-22.21941025115059,118.84635164150194
-49.40592207016051,67.32030721831316
-4.79212064682784,18.198000988149545
-75.28588716293561,17.808334537930392
-41.65667770367595,-84.9023199114501
88.14826563347125,29.429002746917007
-70.29460944316443,-7.869464217947467
-22.868405713640954,-175.46641014025496
-85.31009650524497,168.30185158632196
-51.36399994189724,25.900516257647723
-13.067080637007848,-3.6654223224641385
-84.18508706947307,124.99938443438549
73.05789049502278,-140.7152309327057
6.912512903777355,32.67533757779836
54.31191462460703,104.9127855045275
89.54728835922265,-65.32486964662864
-23.773424931681546,85.19801089026345
-4.53883960913906,64.09330112047908
-11.472579288639693,-55.06418484022072
-17.94794110032737,-139.0051767526324
-31.15738068381455,-120.60385616047172
5.1256847075454175,48.29423293366531
21.329460859272103,54.502867790093404
29.802383256707486,102.15272793422935
-67.53485638383265,113.57283859599318
-50.32472173814399,97.44428342865211
27.07861986125019,128.03958318316882
28.651813314318105,-174.48362034621533
85.43334415968636,173.95060937062595
51.84553906819727,-0.4964174500461809
-76.99724056432808,12.62676351319601
-34.65415234108429,139.48312642266507
45.0491726378211,170.35080585527948
-7.675211705921399,-88.14416696109011
-29.832245566169334,-140.68523757334376
-14.61838025775944,-14.442396845073205
83.86622827036186,147.94665587463754
86.1088154059749,161.32176056647353
31.01875793904128,71.97370022886113
-24.621937432191032,12.555585746425152
31.046662419896165,-122.20649596399471
29.519084286061968,80.39651469806478
-74.79592354838667,158.83180997354646
-75.23041924986363,-126.10024544672315
29.369306132654984,-15.173276993924787
33.290941826147474,148.9491572311672
32.241788534832,-171.1098062747714
-69.40305581672722,-172.26531409526532
-53.97648750265761,123.2368349313054
-58.76055726728106,155.3765925511541
-66.04271052837362,12.527196719658889
-0.4323776980490237,-120.22560061614448
22.408496877180212,-32.95512113575654
-24.54231098351117,96.41981606834025
-5.980554495453916,87.74931627721696
-39.61275706847324,111.28192501443141
27.16919318370816,113.66434848024824
82.3800232125133,-1.704377265382277
-8.297696015455088,82.50171841818695
75.63629206766447,114.52546356522078
21.523264080491714,-136.30468655112034
-46.01058180688025,-96.24738736266295
-59.35709361019205,-40.12849828497119
-58.038119353690455,-97.85741303514864
18.99254620267827,-36.711564885062614
59.9650574251107,-4.399356981727209
-19.80232263543364,120.78583989521411
63.507615586634074,48.631534427990346
-54.54607248802357,141.7365528370537
-1.4255381317778415,124.30759108444306
39.59797408834004,-95.69775980467013
-36.91552740323963,-82.2310788548059
57.55951135407824,30.92284674489059
-52.24516762449017,-1.5488837631643548
42.57453388980295,-91.98224919113036
45.37171357321273,133.49334082147317
-45.34115211018462,69.6567598355829
68.7632167370019,-124.44363079141712
-10.345376889456134,42.98226701480644
-42.569680823916045,-30.835228925199885
58.309074219159214,-27.021762501545254
-61.05346897539881,111.47016133212333
-58.49018165074095,54.53063677247886
-68.037703076602,87.52165495828478
2.077085433373199,76.96559568828343
41.95024226975221,-74.44147070406795
58.64915890992006,-142.23944753730507
-56.29670794998038,-17.804924303343512
-36.43186498466761,-68.38951864829042
29.294747714180957,-167.59563950588148
-71.33842931383874,179.57916028911512
1.839457384268215,26.712136040168502
-26.373682490839236,67.60001215156464
-68.64523787668949,149.0596161592892
-13.143737764754462,-120.79059246156979
52.01422993309643,-37.37481052002377
59.72339178844783,-35.49573452445301
77.95377057667957,-98.23527508712283
21.54438818556649,-54.2859131400098
-18.962069893491417,170.4521466421092
34.273818583370016,-127.28521218173864
-1.489289390378758,41.39212693248331
-69.7956651311419,-114.02510650841333
40.2807543589104,-145.56768019974623
-37.935022289229,33.832954324633704
73.00678346277746,95.3005334241007
-85.46787583436533,-75.8825235128523
11.508058063193204,147.8492482373539
66.03780211183022,-55.73902538866247
-73.60898342613574,-129.9009492847315
89.63410679852691,1.1990149694089212
16.50029854253745,-127.16576093796019
-61.84920443663667,-25.101061493206913
-69.67350778856999,77.99692247439782
49.25544900243017,30.808727236712997
23.470252545654105,-146.52544184721938
23.949211806511286,72.30626682500252
-5.003021653518999,-88.26978826568633
-25.305315940522533,49.378120713915735
-35.75701401782446,31.66248251225599
46.62712900670877,-113.22564558065277
26.520059772103266,-130.9111489319049
87.35549849926116,-158.95132735173507
-48.8519451199156,-99.20699083934977
-0.864126849163938,-115.31813028375154
-8.309051485316985,173.46175228599628
-4.451994799833614,-68.29805974074043
-81.19372758359377,15.114909539984666
-11.787108798977883,53.08628957831385
-89.39547719604833,70.55050627683596
-32.78687366526511,121.95727597751215
89.29659613092312,-174.64610196023358
14.396245917907706,71.12030953434868
-17.949392815198976,-48.14057889771155
-3.3786543841316075,134.81304566743967
-62.3706564528291,-8.60880444665122
47.23770712649312,-105.88842363049649
-15.28567208758001,-136.9770004169393
-47.85061314418629,-53.98162519512343
20.183890711393275,-39.669230806358144
9.277917125021432,177.8424037044935
-31.087983847706447,-47.06954244851019
9.787659351620832,-44.130085089001966
-50.41955944925905,-58.81043022519525
22.530232487432087,29.82840901014532
-75.87004177457948,-121.84196006026448
-79.49223656200043,-43.987529911691496
51.37650255069292,50.508265321592575
-39.137262066857396,57.26547521613449
-86.72516062408174,-112.83696569739041
12.96426929598016,10.186876893832732
-30.87174880876458,-51.30651727640219
-80.31455756134137,-133.59043177307373
28.267789246067608,50.009643590233935
-29.525748663544974,60.93986965880191
1.7933637772708977,87.19932839773065
28.804547440126242,-71.72966830293272
62.00581651487451,124.76222574184419
37.30548240232024,104.26228291842256
-1.5572752352712627,-127.59984215143962
-46.01511240078895,167.9369346764076
2.5927891064706046,-96.04463129474567
-62.5446095174231,18.47511227087105
14.415981330038178,75.55629906305131
-10.122660966798037,160.49407494853665
-58.442258279191584,43.61501652012899
-26.405189894342513,-164.9096511596055
49.24643223970932,37.054750836565745
45.55892272031713,-121.94811456223492
-6.726628057136637,92.94295132240978
-7.4945978509597495,-158.108962647458
10.00136475650099,99.6362531478822
-89.06291210142588,14.233037008428681
72.68507115967131,57.48638017804012
42.033640230985355,142.20638952773788
28.80643356009935,88.26431675740258
58.530019359035975,-47.887329068763734
-85.34659104374269,-110.93122730687315
59.30883653836068,82.1211488587549
-25.69318509484809,86.76363644547075
31.956630312532383,-133.76240269625214
83.00256374707521,83.8147711776059
83.99234283808704,-26.829269816781192
65.29394594828932,159.07967155757848
85.61878906909755,66.4982402685157
20.748335422654762,173.1303593908571
64.48171784710738,137.6954256479541
53.301901059330845,9.4678231071492
-28.150475003266585,-111.3783636688227
60.38237166297927,-92.96977029188267
-58.68817010421436,-46.69624153685348
11.227870088772434,75.42020062618818
37.96238820895766,-163.87735180017464
-49.31711746721332,-112.29288605783094
79.18107733459823,62.624872451677135
-65.69874579611705,-93.52916544041439
-39.07580070299828,-24.343787684623805
-86.41520735791859,164.3237719879781
53.430553680103515,45.58734533835289
-69.05590660072663,-163.22123030600045
41.05307714733763,5.304064332474155
40.358745511804216,-136.70742447839294
-69.8262740314994,67.66871976482113
33.41004886965102,-31.799734505618886
58.59290054858505,-20.628682823515135
64.72581889715968,10.264536162564326
-38.254225259476044,178.8355172610676
-11.694504012759381,-156.7759398874932
66.75410053560688,152.36389781388658
-30.133222444185577,175.76638863995498
-13.70368032742418,-51.07839902249077
75.06928535010562,169.39253366006972
31.92669239151384,72.15762090686897
7.915505475084885,-17.748171361577704
-84.16870929446577,-171.7871318355316
28.923230070067063,127.92503165304305
-52.639870409921144,95.04052486711419
-74.3413322162057,-103.55015055071522
-27.033814939646604,-87.28248205505109
74.92978245164483,69.41270198022042
-37.65330483448031,-70.45818804612215
63.864278949618694,149.7157779110036
64.76675929314683,-74.14789166565126
82.79701678580821,76.9565695343141
-57.640393548269266,150.36524374860068
-17.128894375683586,85.98913791862566
27.540336526796395,-114.02977231326116
-87.43725337438521,53.09581879251829
10.40421791401603,142.63647507732537
17.35050984603778,114.03910331584154
58.53100991965255,-70.52217902746726
17.54832991623492,-76.12024474455306
61.77022788741192,34.587828224262466
10.303258444329273,-25.619142142370606
47.81683385998417,97.64094819313004
-42.019043375726824,-128.79635238782552
76.64303325870415,73.6143040502902
-67.77327650067582,-25.12336430046622
-71.5768749206902,122.76317413397214
64.03747720505388,49.254381789856694
-63.09482184506186,-170.5949296536359
66.41898202227114,113.3467045899514
70.99603404032283,117.54232499075755
55.66363838081347,140.54256770328442
-87.60635385901742,147.77169000231044
-59.30941606701156,-7.870458090295131
-31.39219721434138,15.553252359367065
-57.7191686624511,-24.904524981465187
19.64311574180921,-95.27808865951033
-9.683583325283479,72.20469643387662
-66.77175551147698,106.61768333225871
-26.357470952632042,27.029480838614546
-27.12390103604141,-159.3447671255535
76.46121808616917,156.04894181171744
33.48454217641914,92.69643474472963
-82.85955147338707,154.66993386690962
40.80923833933366,63.40965250182202
-62.92511309717707,-143.20557032963734
-56.13896474658241,76.60703545891806
-45.07820569645496,-147.32002204342254
37.68821211859681,65.94525800080481
70.89891365554644,159.91431100213288
35.09807646604759,-177.33162167012117
11.713137632111184,137.61688827818517
35.28650415702246,-85.81012743709313
-14.964155727603242,93.86654287716647
-66.01150293246913,80.0259599915438
7.683406676114217,-17.101196952536725
-62.80748319780825,79.65923016386779
-66.5068834860163,94.23593966907191
80.59624752048944,167.28505252301642
-32.749283462743755,-109.3832651957831
16.366733178417107,176.5957929204273
36.329960650782866,47.490871874547565
71.25239027428842,-0.3053257780133549
89.04257319893318,-99.76401472451246
-38.84828937531628,5.825094324910083
68.8507271697257,-115.2363670445423
-40.09685221828741,-131.65099054359
-45.99793253647144,-156.34846262665943
15.850570862732766,134.91295389625878
60.85559223973934,-31.095199491523175
-67.42050163270105,89.93899985855666
-7.876446832050277,72.66762721788018
-52.11044482251388,107.77292986890114
-22.10537626341481,79.07275098006642
-4.897781872455681,105.57687277585353
29.06194239813081,-43.59992784924668
-41.639049021622824,91.57966114316906
-57.55200292046479,-34.459316892122786
-14.324608373475627,110.38808810195235
-82.77332253256657,-153.84057952206578
-42.687287164328694,16.283190838994898
-18.60330823392303,125.65292563498144
-18.905650092688774,15.62312790055529
-57.25028798368683,106.29795364327913
-2.873713470998183,87.1066705679558
-37.49287769113666,56.50046782579358
6.344178796787006,50.23287933913588
76.94355800292348,103.73441377177193
33.04901083750468,178.0786345752445
6.730038669225181,-85.76572769844041
-34.668894037249615,92.3092345173194
49.57152837540295,-165.2648351996416
-71.21053005307975,-155.08033485344612
-31.273983177675056,123.24004712934334
64.81301096783622,135.3680884088193
-2.9156526377125687,38.1056745540256
9.394899707156114,-120.82739218446565
-85.24012203671626,-2.766480553881337
-31.11297487435173,-177.75342338258207
84.25496377439075,-135.97315546309744
-62.63519549074913,-164.16998431810563
-16.101190375849527,-157.79426822837218
-46.393278708858986,8.791605229996605
-7.823054696974268,-13.727035692587492
0.2986914032002801,134.18585595075893
58.53328402277498,-153.60545025902084
-69.05413253773904,97.77287109068442
-26.31952220096477,-131.3513225348251
49.83299459386626,149.16868760678477
-24.82829048030328,-158.3441220854542
50.76674895437148,75.54932104506742
-10.191638082605635,42.045288679949294
10.35568316475144,98.53120020369562
2.9244330323774506,-117.69358914025108
3.247057224523175,138.13723764926868
-25.094190335392497,108.46363417268395
-2.3280118119808577,-156.65440019754695
64.01132101262661,71.1099859291815
73.5168314886341,63.05021878502376
-42.32323420667568,-132.51481217296305
-57.07572502051971,-133.42220442480806
-19.73157610704621,-125.196278907677
58.10564692981825,-57.77184601356018
-42.588084627199414,81.16176770656341
49.346661303873475,-67.15431141059213
89.4353091218461,-113.23623466247057
-59.12633152094507,-149.6258625028078
-48.60022782066328,13.54534379145008
-57.062759885400666,124.79113969632044
-79.97603359249318,46.796565850132
-57.840643806937386,-58.08028540392094
31.691855174035823,145.86727409676433
-36.027584027715015,-115.66240454627861
0.14905113200644848,-62.95015534886738
24.87614631792981,139.1284121298558
36.94843055158603,-42.69436336182247
-10.506272780862943,107.85560263770634
86.53424307436924,-115.7922102212402
4.418894054197224,151.7676803209357
56.04513418448275,114.74702655431861
44.59002689037084,149.0472384135582
-78.09142227175629,-60.868589989296254
-83.32313111400438,104.41535394154181
-2.152538028759494,70.47092174902937
-0.6538531182558671,-155.2640205078657
54.854290286976095,58.345745863131555
-79.56397981318514,-97.9734386105135
81.80792256689057,-119.70050291366948
5.180968630922919,-21.52427186368965
75.88608337067214,176.90978832317342
-39.496600575348445,160.63041173564744
-59.562018958205016,-118.45388225246217
-78.60066884133765,-37.79641190096311
88.67331142118113,-83.55833916571999
19.312170786702396,-82.86381492747351
-76.42266727054442,30.841191181430787
30.045126317938113,-154.33643580932852
-74.2488587427825,-156.9396930197557
56.77589401035482,11.023498897239477
-35.06592603921259,-61.423862532274555
-77.4777763479028,131.9767475958172
-3.8435053232232406,52.993504407487194
-0.8007651754437859,4.342049585905443
75.07070356759868,170.5760062523164
-25.269383812621285,42.86974211885101
36.27847717455511,106.87664480713607
77.15508583449639,-28.966576446633212
-38.48730738601676,12.161713398864805
59.86006548361638,-81.56853779147107
58.9715925680855,175.61575599394428
76.86825437017575,-143.9342494720367
-46.53235344834885,33.27831470656028
49.233850549720046,4.042254088749814
85.77650614897874,-165.61954380912675
-66.5292152800877,150.40495567150896
-6.45324383352019,-41.94577502847514
-11.826104360331513,21.109070526962682
56.734815796302314,30.835811723388474
55.110604808506736,83.29018272753262
7.105105787753814,6.671806759876091
29.399758898114598,12.143868454151999
32.70499104966413,-138.41568049137317
-14.735292363661117,-175.183036356945
-25.982962183606617,103.6031984724151
2.8392328946498537,25.331774647450942
54.217402402218084,76.4115037951363
66.45689302422235,-89.74776698853098
-15.858778076520679,78.42250606479473
64.61756798331078,141.4732253861808
46.313583756480966,174.86393580727002
-53.421140195629675,110.28783391014571
83.30388920417028,0.4309731955692655
15.514393962971184,-69.43582300050763
49.01970214229641,55.72047216271517
-85.47361197342639,147.96329215095068
-65.9720437658258,-36.17536660199437
17.42461273930006,-91.10626865256349
77.70005309854517,-90.14027397150804
-22.143489555103997,-89.9621420352605
-53.56301065130622,-175.09960831785193
8.039985587016531,-49.299425196692795
57.75307491070018,-75.97979506165946
-31.70746216335351,-97.37213099677092
64.3739914697091,50.80533168943717
74.11126717691897,-118.99932149135276
-21.825088599968822,-116.08829784372625
-89.58555750416112,-158.30874265994748
-61.848363126820594,45.93305127250295
-4.398046422762775,-35.00663463105485
-48.76592845756512,86.78318690380405
40.74711450624167,12.976613875118261
-46.783516012001215,-150.51736751514133
-10.66881095062979,-163.1705807397557
-77.86259617588914,62.26087984495234
-3.2329164883789048,-8.72038744068172
70.6238287523326,123.2431019742084
-70.5433146975653,5.499178802564842
-57.466994305212836,118.94897253072457
49.24778640867342,35.33200328512419
89.89029199146881,24.652327650816375
-17.739711266311758,23.149691585561357
39.75514605855369,82.99982944987687
46.26347502188719,-40.06580036258174
-47.70368042404543,47.175081220954155
8.024566815639233,-14.163866294823691
65.03667100391795,29.507611184518225
-30.80319938250892,134.15757302332258
66.33706503910588,28.103420154871856
-17.32976016551133,71.77194657865454
-20.29451105034248,-133.58955593871968
-24.224848048288294,-23.961867656963733
21.563033919232254,69.78456206856191
64.79493097415738,-25.815781902458127
34.820064194140016,-40.7233622534626
-1.9177895636424154,-172.1013477988153
54.22971420245457,8.572123234044057
62.453448224475835,90.28649783829803
-20.224970940641583,21.828387830267815
-19.16584347365196,89.66261617375079
60.530513564866226,-12.471218864135778
57.57985187227757,-27.37921502013262
-65.50286891750984,-74.17404643400224
-7.931421950113233,156.9773587235244
31.329011926154266,-148.548459112317
-28.808311567665065,65.48627896849311
-77.60724440879203,-12.904693953343155
88.38265011593873,6.8108635118166205
23.903102163339042,-74.91818543691463
80.95395759925731,-101.04333144893866
18.72637544320888,58.95424470543057
78.63546074912244,-71.70434553653295
-29.869923830425634,-76.45742308216654
40.41156255872673,-90.94546393586448
-88.02739719528603,-58.38852206624517
44.76303904152408,-173.88115397535032
-21.42687151933474,172.0900711003195
-88.59356262426647,-22.30231283893329
74.96372221264082,8.752666456345082
19.834524109174623,-150.81417494804697
-71.12741756989627,-127.47810944431237
30.684695049783286,-10.499595941754905
76.67316269165775,-23.763602295172404
16.30977625253864,16.31015653563412
44.69846689013136,-165.40489128526877
80.50369996051299,21.11948202397747
80.11190700423555,97.36451270980763
53.2872327652662,-77.85383956473613
-86.61157296957283,-111.92373998325041
-33.2016776254943,147.70517295263608
-20.604514200948856,166.48004734961688
0.506411667372447,-38.268091032237805
82.63286686081125,-117.43978659744296
-2.3266376327099607,59.18481284505387
18.028657033442386,-24.433357519317553
-32.86077366971268,93.26172243360514
58.40638214398302,117.1863196329154
-66.52194444951243,113.59612072442945
6.54922520618824,45.00258267317989
-65.07313657140266,-60.923539903588036
-50.48286207643684,-44.42463872247461
-5.487307902741975,-71.66834883453562
66.62440260808057,16.621116301770456
-70.10500087986323,-55.70656773856288
39.916886174931335,-70.69988391553174
-83.83946545405769,-110.9317497279974
18.18916515381072,-60.66805239770247
40.46831702004192,-116.83887043554321
21.84289147138402,-33.65053411210911
27.076265399167312,-112.04414309783907
-23.23450624841456,159.20183584159935
-28.149895905095086,-144.29337017830682
-49.74789815929904,172.97312751451386
21.924052025227383,123.85589336423908
-88.96857575477229,55.52770755958369
-33.01649144291703,33.460827402296644
50.455540941957196,-10.615884858374557
-48.712292738776554,82.38181929446984
-4.889657525030657,-48.247184313377176
11.011161824175389,138.17840613239372
-14.471336943108057,47.131898350754085
-22.044389444597627,27.72087796205531
9.10700049566482,134.62728463882002
-34.3915825576062,-139.34835826789035
77.12283439300876,25.08770027842897
-77.75914017453236,116.21313585865346
-20.666332306170176,148.85108525455405
28.085726021296438,54.06845603652005
57.34948472931222,-29.409303573199423
78.8587665329267,78.9540352780013
60.24963022419985,-50.865857446640945
78.52376520446708,-136.26272574478978
-22.753453534983308,77.35967062456933
-49.4217895549618,1.5976487729318762
54.707726899292794,49.392592568969576
20.639852515475894,-144.8910091474572
27.763339945338785,-165.46859524993144
-44.741860107764396,-132.9752853998424
46.60771388992839,-0.3539433924853199
-23.00798227167391,39.94034758285173
59.33914139335829,20.99814938111055
-17.036026594777653,-41.70951052313026
40.59854315773498,-24.987395139281887
52.54947693230912,-99.92074712423816
-54.56855875173841,-14.500974910328324
64.5840882653506,-15.452193485256316
-49.76056922215072,82.1681074609836
-24.704627440201932,52.049480861278
-68.8521857283132,-27.183369571552106
-26.773024860746837,42.507920319043706
68.0940034228567,22.361673660498383
-10.4845839236946,131.26119965212274
82.35420667946099,-138.50180852133695
-27.147410615746935,3.8460637021595687
38.6815003285279,-138.72344892890118
46.88074452384123,34.26495640528694
-23.96987802138341,-5.579496728650838
46.017603402775904,-117.64470880859957
-59.34681259123488,28.07199075250449
-66.8805526734348,-76.70603770857926
-13.195645206903492,-120.88900190880679
50.6394634766871,162.56712421627446
-66.34054504165681,135.80981659065247
40.05732288427524,27.35009770875709
-45.88342046053006,-60.78907389589513
-25.75204342458599,-150.00014128790406
71.95129585780245,153.67241155849524
-32.630782013399894,157.13875680888071
49.855939950222734,-33.892661546783245
77.27810644134658,-176.0226081441946
43.25762541897467,-94.44062927938279
-86.0651133044886,173.64739195959203
-85.035553746935,-160.0038788355709
25.312276010244418,103.9182870003118
-38.89754209369356,72.54836102205664
86.99589285157242,72.86230768504905
69.6414091889109,119.45662571014344
-28.216331512685237,145.93005853459653
38.606999480888305,-161.37285184003704
66.99230014368149,-0.028072319909256294
-78.12964474095693,-164.2595674368557
85.32018081685234,-113.08139879461402
43.396372692768324,-146.68744723120017
9.948055174030372,-66.79032523989888
27.705305178278053,97.66017270099371
31.834322465220907,-45.875077204935224
-39.58056065180061,-150.2759123325627
-82.69225417163156,-127.74470109930176
37.96208144067015,-107.58804259121563
20.865002103159327,-144.9035494408422
-0.9953423248965123,-177.2283292935774
59.21464865523103,4.690205508997764
-64.93888287420495,-40.196032044597985
26.96937994546083,105.27104868939654
-62.06421563866724,96.46788933133013
34.391268360105485,27.765721431733283
31.28828632366985,-141.25672424748956
-29.261978462776312,-133.0597449556907
-50.5029587423547,142.49549360601583
78.03733718143317,7.949935096919347
34.53436434470625,-133.8994665710748
9.110116289965873,89.33052696331026
86.54259656274297,-79.93208549809768
87.51817043547092,-18.077330142009487
24.34270876843965,-5.209041955459185
36.28294310124586,-138.62376356291253
63.54224996638993,-143.55034446846656
77.8859736648142,107.78899783317473
21.276272448212524,-10.97758127284547
31.995523817955743,-89.05659855816648
-80.34682699196036,-177.83254681791033
65.80431500074383,40.473786759118695
43.25003560542021,133.54180528141177
19.9723369518167,-141.97479122656478
-51.62962824684363,124.29013870243597
-76.43217531999406,168.1479618644907
12.218828223942836,63.69466751249104
28.788931498527546,-157.72656815591705
-38.78267144571546,-40.65315230072369
71.25694884134992,-158.50202852624562
84.68539772548044,176.59379199169018
-14.625707139654125,148.22267304049183
18.426471885405675,12.927018485105833
48.41255547814046,-30.857759595618035
61.57797115206688,-13.315344982185309
40.74424358359562,-106.91753205903615
-78.34163181844133,178.96566592145098
-69.61018097037265,85.10535068092958
-41.578034519049126,-11.709681707532269
40.021723487567385,66.18665833035394
-56.81615995022895,-117.88564725844319
-34.7535562905755,-25.352740179151283
71.86262988266716,152.67879772794015
41.2552324238421,-34.40285188373926
-27.625723408254764,-145.37193351200023
77.05280845289525,167.5433092367071
42.80901040636192,3.2774361828691383
-28.61366135711829,36.14389536002298
14.694078923857177,-59.225041369650455
88.51514870072003,34.61061101049407
46.817404059052166,17.42540925137169
-68.30931666637414,47.744455799227154
40.144513212613106,-19.199068781491263
46.86951380550295,-19.801854405497977
42.24898933075215,-105.25738072103412
57.20925549284394,155.94701987188307
12.491227977584487,-138.0482154075033
-26.65262746130162,-11.83004344300491
-72.31892099136692,-118.43400848704086
-39.09925815652039,155.4335087376129
12.455416752540557,-23.717841033995654
-84.97527034483863,71.0180903939621
58.15251218577632,-77.54598091874861
-57.636393222107365,-72.86155448670662
-50.255437785235735,163.15112721528106
-24.823302322180865,-35.329755717762964
5.8881561136689555,-107.46038276351987
-70.31637006749781,-99.69066684505091
-2.3690968484495585,122.57810235356595
-72.5624766013612,-49.88679624839102
-16.79994772868224,-50.05609920059268
-34.71794073504159,-96.5700787968707
76.0339104629982,-168.0331683142921
-64.17701497467064,-154.004420979296
-81.02042259061592,-60.023934591833665
34.807142357960444,-97.85678300029304
-64.29629256952555,-96.23058251145495
-45.157850790231194,-3.3244307352018723
-55.13810626050247,38.63585558296731
-55.09901151254917,43.897513382910546
-82.06349491430922,172.4773332739208
37.08951216258224,-41.624461067847676
53.779657186767594,126.58625371098947
-43.50958213162421,-7.090706987346579
56.39250999267114,22.490026628253645
-50.46984211118414,95.69393055044179
-12.681933584285645,-152.97918009049383
-87.91051458108775,-178.4461407800457
70.87584974370859,-167.74267948875658
44.3315379752182,14.618122144611988
43.49110563073364,-18.13702803161391
88.16498804909571,151.3621273647363
48.82149561128173,147.36859366785944
-47.48044555715341,-32.74597255540334
2.2088947252774034,140.48239438611728
-34.70344090870757,-34.63491011754911
-62.716805452524895,122.53469968911804
-67.09547328751691,142.0315459759218
-60.16988770832342,143.2040561248054
76.24917036590332,82.61323201000528
-43.37760983947066,172.56856413606613
42.240589150323615,-77.47897884122894
-4.398020102717524,-138.72127823827105
27.48971266240804,138.36516250003416
-86.58551295944827,-154.79200119275419
-75.14155220995977,-20.571077688224932
-7.802669589731991,-31.46769253974759
-71.86759677964747,58.642463289955174
-62.88055508193618,158.1920884454338
-35.260262833866314,10.375213370936535
-39.37359844024217,150.4745390410348
84.67569324944921,141.260507319086
31.98310743719813,-55.08540529886743
2.936236429627641,168.72680569845966
-9.817939078661283,114.4465715136626
37.75973731406752,-106.43596642010945
63.21999770950546,-120.93156076959409
48.895212760645705,156.5008040227392
47.37665400275034,-59.34863859361698
-17.305499636027648,-173.15936953095658
-75.48968808458048,-142.0768578550555
20.633151975391712,114.86594209152992
-22.66325955709415,43.20966956090115
71.24237908898559,-102.8774630680413
77.15493218934708,-72.61511193449613
-84.59358241947706,54.42050774835792
-62.303518884188264,34.54357535538412
39.90134158295831,-164.1980039357486
-50.006647887359904,1.452879485439837
20.23963909012612,94.5136449185436
-10.248663320943109,84.15117376705467
8.608230444858279,101.2330639230193
56.544328078230535,-95.14175891926949
-68.10255990705478,107.06572754047738
-80.72505416058529,33.33403887522488
-40.317788524346234,95.01248602341587
49.67000182747921,43.68106572057664
-42.249474976937506,49.73238657538354
-8.149025346436105,34.27636453430546
-5.027587790610511,174.6234311695822
89.3064103749254,-86.72426510618853
-84.54141596369453,-94.0120812406767
13.024925570678931,-103.68815560244764
43.95938646448795,4.143850545623508
82.77119626158313,-164.91580142407088
-80.24243800321791,128.7648486889596
-45.8822026676045,113.55346825061281
45.689707200233954,117.41219401227056
58.091902760295795,-129.615950789081
77.68584915204738,92.6958892934403
-26.23796614770852,-156.74500732428942
11.498071270349342,47.65793408662424
13.088316014793179,31.15905239315356
52.64218419765746,-116.10679510169385
-11.759527110365454,51.64337596353678
-70.21630198631648,147.51373982335394
60.19076367881206,-104.05285126628108
-79.93407221600248,-82.04834506280156
-34.17976873303632,15.576026358641911
-27.55857926894395,136.09489015752985
0.2743206091051178,69.08512290704002
65.32570445534927,132.26564957737054
-28.983221418448665,178.47169700623692
-77.67819592526655,-149.9650734531391
25.166039502149587,-95.25544244894226
-68.67658742064036,-149.2396411382341
-74.46287452990386,-25.035737464995975
-77.14760175495711,106.05640384200888
44.166326579776694,-14.166678807545736
62.424505876959444,99.1615585552338
-88.87976843043181,-134.16278181504285
-77.78425871879759,173.61395253549802
-33.36154083360135,-93.5603269819957
-30.4086524952721,121.48463209324035
-86.8714433523197,142.57632475824647
-83.56337136121745,-143.13242857513953
57.68926380005672,-63.99124219406987
-80.33084527770939,-120.60622382040336
-26.140156913330152,-6.018189646983103
-13.867018531733152,-167.58324678270327
32.34489585186655,60.81726180262652
56.5437992059361,128.65435487851653
36.39691892472622,-119.17276308001732
-25.94971366825746,-91.02931222747146
-1.068596802550104,39.62134489720205
84.17221946199271,-52.898729631393806
54.74293739153114,-179.7437199768457
48.39469780020488,179.7693027211712
-36.03435007431305,83.33158186554124
19.15848574578844,-58.350372132014726
-1.9850499350765034,170.44074596795787
25.225490435109236,130.8356044699534
55.26419322483761,23.269875182046917
12.555491711165786,-106.76269192331974
-69.520014440671,-85.67262671003957
-66.9922551682165,153.3897233968022
-0.5339579691695633,-154.5668755956349
20.64618756657076,108.9525986244845
-17.368250553357115,137.26177204493285
10.71222756509718,-68.32213857258516
24.40286524966696,140.78676473794434
-72.91540916551997,2.73034324563082
-53.21240231791187,19.642248857867543
-83.37795227169754,155.91451976434178
-47.75778947357439,-15.410497713082151
-48.11122162498542,23.50025914491033
-23.746459923625693,147.757661094895
-5.544433348055662,85.2376649218337
15.8862690345223,-162.6462687210824
34.19442182476374,-76.4770338424577
-71.50565717674694,-58.45134649838238
-50.398524986359256,11.268747824542942
-59.810165597421836,-172.0924308415091
74.24883888842996,82.15250347332352
-79.77124442650302,62.530546166832494
-78.8842319499586,104.62890269729428
-26.648064419354768,-52.13818951872415
-67.66199492408094,165.54806818603555
-83.6256448499745,133.74640154273237
-20.997306976237198,162.5006364728381
-36.969707236764435,129.39681437595448
-12.404873601997124,22.24936732359774
-64.41784043531099,-74.26675567867511
19.13889043607128,-28.984094155192906
80.5496855318213,70.41026042966183
-79.53803054583051,50.11934628865299
-54.13378317750219,0.8780465476154689
-36.48821833271068,-26.75110544439528
70.56279304395929,-112.56442895926145
67.37071797848452,68.10307608195765
-5.1440175319522154,-141.95632438489332
49.97568425420678,164.04508912988285
89.48400675698392,-15.897730894980839
73.63260513451701,-93.95166466663959
-14.66140132879518,81.19622953480393
-70.2466716198148,36.30798056510557
70.44767631914357,12.719981954004055
25.942552151681767,-77.98436012294144
-16.117060648211506,141.01045769606435
1.2610770921026528,-41.181842058635624
59.785266274254326,-98.76605445548304
-10.321938225019707,-83.01464967477973
60.67214699042418,163.05381908846556
22.654763613774378,-132.2314596231223
-51.800195382467386,-172.76204920667465
63.10332513329405,-10.859829615635277
66.45557230869619,45.81703317050366
-5.309871710548052,-92.19641163786063
-68.39565876267926,25.143754103389654
-48.259847116645055,-99.50011307200737
62.26554132501897,-87.81080199658166
-71.80159760432473,-123.87694875861442
-42.56017066195475,-50.22352513520593
4.74348921007801,-166.01845993619034
-79.62328765595694,-37.845753472118304
15.594863344173788,113.45150350308245
6.243825519838197,-74.99101294636809
-85.63261142765307,-158.43063884025915
-81.34717684170971,39.95806123486432
-35.80865908834645,140.2698713982624
-3.4741267599860635,73.46333080667199
14.169837738836279,106.70412621609216
-0.8066086812225706,-72.04412686028363
-8.262623890017963,-87.64405284558681
-33.56659972404618,93.33361494938038
67.03999909849966,-96.12679437239079
46.78691796480098,37.704871042956455
70.8168107388351,93.39801435945748
79.53549609933009,79.98146927728948
59.29045558630614,69.70079107457596
39.0819667785708,91.50163260214885
20.00028892687817,38.97118663884356
-59.24462554647671,-142.0585776919426
-51.60990952610818,155.22744027979093
-27.809353233219163,-91.48528264964582
57.40541867082172,147.02384389665997
-53.096538898312936,-40.541394457440646
-59.834814663321524,-120.06816226111613
4.032047142302304,5.486300873198445
80.72630224814432,119.92552942732397
20.88298774369936,-35.4287208808955
79.05058100160059,-129.79663349605133
-39.449657143559755,-96.15026821619674
58.22265550945403,106.30316579951244
-21.459335856611318,-36.47277392721696
-80.23380344555024,69.66810175506811
-53.10270882382252,-155.1272806978966
-3.342262703567954,16.51214877702111
-45.797330080414866,-98.67862203159797
-58.75259447104757,-108.84212444428793
1.5798955557971937,137.69330217140225
-62.09880789260428,-147.67842814861285
46.28311991540605,-3.1709910996057715
14.335723509549837,55.71261397513561
55.942863902831675,101.39111640837615
-10.36132186306547,-41.39154451764722
-44.5471715588511,-57.50198641304449
76.51994516387748,56.76674608046275
45.77645804874189,87.9102055658538
-42.84998115637844,109.89128363360192
46.51184103641242,-118.73384007143812
-89.63210194850521,-38.389367528075354
61.434901987739096,-4.418823825831396
-67.36388852636688,110.99086389889607
-24.37053433438608,92.21412571627775
-84.25159423164692,-1.8523613546533966
-40.46181438432538,106.98177822174102
62.18913056175472,-169.9840904711069
-44.36632105582293,68.53018997303408
-53.04287343387203,-95.6878563906348
24.98772391165768,51.79608345323197
60.12574981331426,169.79305505412628
78.2559253869197,-137.26793229509832
73.28926867643898,-65.6792038181628
49.563072518907575,39.470563357641964
74.47016219359253,-18.11370998771642
39.43067861981845,170.1007611732211
-68.18080957944935,-151.11897367964272
-71.41526949159419,-115.26939316306773
-50.095545727598235,-119.91994099834369
-12.319405114009086,-50.92339758172565
-33.403478653444644,-111.78267748545923
-72.75946533658069,-170.0151708541419
-32.82868421525029,144.78362364972605
46.88774280581626,13.419793017776612
65.17547744824887,-72.67410958728573
-23.536021362255923,-137.34883139564795
25.199872300099443,-152.0787981878289
-53.29994604792699,117.57412268606424
-54.09146388665086,110.98264570358577
66.18330289896792,-139.2720269667183
-82.38078568034135,-2.7600909419394384
-89.48164231058291,-129.59567099628904
-5.376030382282252,126.13166879096258
6.457102408523795,-103.654783013894
83.26741196309166,137.0567818792536
30.892686163581132,139.77583099956757
65.98405093895536,69.23119578019677
-62.802925880037535,-149.3698214971406
32.919830278867124,120.16216247726419
53.77168313516367,161.25861830603327
26.165548608678378,-178.58478681911183
27.80987194238456,-53.26057290147577
-50.60631430801859,168.5592980217574
-32.67519411885238,75.20854579592043
-79.82069817727479,163.20806604016371
69.10781401062056,-82.269283616048
-61.351018094059796,94.93153433914495
-59.08898844590203,-52.830032824416236
40.12611688967982,122.87761300787929
76.23173483167696,54.69886660552561
-19.654155902009848,125.40201284684059
81.80284851024587,128.03754208773887
26.16356303111033,-177.1111153062154
-1.8264090103403277,-145.55910952273192
75.03029198051382,-3.2226230359553085
78.5630449928004,31.09643091162161
35.92541178510184,-39.233939430073605
-14.171264310909692,20.268828079128355
-63.52609093635837,-115.55692247300217
30.3268772536415,143.72145499156386
51.64746528075665,-27.096774580609832
84.9529436341345,137.46302720085532
59.359374873181935,-137.95231871224507
67.4735953190542,-19.85535424913897
47.50958265806929,64.61397286230516
-77.31207910286045,-127.09779109077311
-84.10745446784068,-112.30251041696611
62.92241073129168,166.6735646624233
-22.309043251541254,-13.698702670416196
89.54348562011887,-145.6891420208504
17.078163227787115,142.52166926669963
-17.92630258437677,177.62184857712487
46.93518041485356,177.6338493475215
-23.819803932201054,16.32952920057403
-77.03931768632081,150.4300390397715
23.483660477676835,-62.67530621817818
69.68821399312671,-83.17653196891938
-51.77068773780781,4.629073039649683
-41.45586379857554,-56.978688385713
46.193014122713265,87.42437107861082
-37.802706162172505,-151.7459690841326
-3.8107299217299584,-14.497737387403816
-24.501977093135537,-76.5645481253851
-27.64620334553397,92.8716192376146
-56.15533324145383,-43.13237767898033
75.79050979821784,-77.28523784529526
75.2113959438797,-151.33541379599006
-43.31509193275154,1.814422157453123
-45.95250310623627,10.786925600363105
-68.99117212502364,178.45201587436657
-74.44741358932647,-143.08925893977664
-51.994332066246834,-106.97329749166923
-67.67318679820544,-10.212102201392895
-19.083757986228733,9.188425159787812
-7.429705403461014,-54.56348051892272
15.084218015397,155.7369210758656
17.891795082882453,96.4049401766336
-88.90514024048369,27.63460217495728
-34.98859887628674,46.04667468658482
-39.72461496310175,108.16224558880947
-54.11377103399078,-96.0822312625459
81.73268508533093,135.65971593094122
1.3076032197194678,-86.05644928191873
-10.917498461080484,-68.86295695346273
-26.537650120311213,166.55570481881443
46.66735839751357,-87.93353934647705
-2.7528138402851425,177.17960527102514
72.34196376454923,-34.72817000205603
40.31973435418706,-98.0595962456122
-62.68405583641152,63.69791296340094
53.83747121412972,-163.57314325392775
-27.75068956864275,26.113477710101137
63.60382538646928,10.904146869880748
3.384442934541312,161.90221073375147
-8.343678661238187,-121.53818012246757
-58.852988794664185,170.3011089426143
3.0965094833456135,65.39784348773628
27.1786133746442,-45.86878477246219
42.2222450906431,134.08234252388496
2.3026470961099648,-36.338307981199364
-59.21753611872623,-56.95466747485021
48.92265171947065,-23.608385067582333
26.28974105241049,-45.53670968411154
89.47932841414641,71.56820144360827
-50.08069081296448,75.49893151869298
-54.221402894387786,83.69579309871995
-44.995481936360825,135.12243950987892
3.252451498197871,-97.08211782393177
75.48664756945956,-72.18876335530874
-45.993933416609856,-100.04383467014189
7.6202425489881165,112.10426684789542
59.07898077296264,-3.5644487773516573
-63.717811425681624,32.94589654213834
-8.919240414999749,24.98396114594331
-44.36040611715065,105.5653884374234
-28.58186080890419,67.11434859751688
8.105879738999548,-9.866951164679818
44.786872784821924,155.39929407632133
-22.184865669628962,-172.25978617308715
62.21065503146437,166.0337498166311
-46.96844606520334,-9.45541108895074
-21.362680282270773,-21.944415317120132
88.14007990253683,-52.93972492918273
-44.7339045089629,24.59467868438918
28.21355749154516,-6.382027119551935
29.06295818384855,135.00405705041595
69.13344176440106,151.80139362145871
26.016891267360947,146.49030761426388
-62.00227131961183,-8.025963488363999
62.48135737493297,-158.91588017545607
84.02157847878087,-29.428454171828093
-5.303797409936777,-3.5393744651790655
8.191149440573255,-151.7616359063842
-17.4638417775585,65.31208804480437
-10.390723920146712,-157.88857359943933
7.623393660569604,176.90296109374657
-33.508619039875875,-32.244536043374694
27.284658750595753,152.42713216231425
-9.308194417004842,-0.08761042776981753
1.7789657976435365,-9.32496297917669
-62.71107392286701,38.51897653415324
-41.67379190617406,161.882073283377
87.44859792104805,-48.24923700297475
89.13775569564646,-56.42618949840735
-53.99815658049017,15.394503847858118
70.81533440842841,-42.74143111227582
-84.79589772926464,-132.98405482559173
86.6598533167338,-123.24022796713408
-76.92306823906374,-117.0535893608435
-64.73067386597654,163.64204159765666
-41.27776945877225,-178.34507521424598
-68.67221855337885,-2.7480098004308786
70.08770558940742,-95.54676099815734
75.2367019205823,11.545513825937746
-66.7172673885331,176.35358969069694
13.636169263238045,131.5310262348857
18.712547349348924,-76.22319501035142
8.732804348708896,-81.9962735083692
-44.84798947220435,-146.18859950402054
36.09129850330169,-128.4857546171475
38.636328855227276,160.59160828716972
-83.71699951590526,24.538090519275528
-35.52561945457121,-36.37203156412494
-85.37452587811885,-94.67632447333814
-51.00388377813761,19.682126934245787
-21.505384451737726,167.04622609946108
43.58158692316832,-76.8888632557109
-13.162210636267389,179.3703382056176
26.564119455242164,142.13464227156936
46.75499226405216,68.08682810340161
-64.6921001153262,-105.33898777834796
53.462874468980004,121.50551311571462
-48.79171882935629,46.468600264800614
72.94318352009026,62.253868174011046
-57.31539461900673,-137.96055145052114
36.326817915436635,-177.00930193405432
-30.912014202638815,-55.85976480449777
19.82390496837469,-170.19173741979216
-60.66658176760984,32.266116020428285
10.356816152977544,135.16418081912468
-54.075307833748674,-141.0347506627624
-62.881423526199285,-170.4789628261911
-18.226362607848046,146.0702341586216
51.47985516379197,-152.7503898863545
-55.13557404806733,-39.70462041691471
68.7925018909508,-10.649570757876745
-52.4304774512906,-107.02011612821835
-40.96891282814919,82.82158423571343
-57.91874390264374,108.57960058562594
-9.998644403085109,73.45506573353686
82.01373023145385,37.8005941340445
-33.437181213947376,92.8572692306467
-71.52595966962471,92.4107507891797
-32.38113442093441,173.75567222204648
29.206964887460117,65.61347051008397
-64.92213168316992,105.68992116110041
31.875804001445772,-48.545415245131295
-87.03671210139754,25.827395887298366
-17.272653922398348,133.5110817831772
28.21194498234334,-39.06162545952131
59.98497453248902,-45.16494513128319
42.4416848186203,14.906533830819797
84.93165318185586,-137.83757150445533
-9.473974476585553,20.622435550453076
40.39832539513,-119.37827021553856
-31.57490832251947,-106.6722381414306
24.980734891452016,76.63579281787804
7.780920114902457,-121.22284431747156
-2.4207532255631463,-104.3988334845405
14.783196126971646,-2.208090310193114
3.9102107231150143,-76.52441579665803
-39.30411280130611,-142.68074318689693
3.8108974116328653,66.84526714652796
85.01220789440856,-103.04574490662552
38.68914982929678,-29.655811733669907
-1.0028511067627761,-71.2646013882014
-21.812205948463898,-86.04431884474123
56.27667662986585,-16.02452167796085
88.1769801989293,-108.86318875446429
-45.06953940043737,-16.179411703119598
-67.54992380649037,-105.37355736615957
70.33267377733216,-141.41420764184795
13.557503857411533,40.29835642507925
-68.24993168524566,-34.42884526925059
-59.15589831277789,102.46737459090042
-45.16721076849223,-102.97539555232113
16.822610677391708,-144.6704556428758
-72.06442851890631,117.48177848499944
-46.56803155438499,106.48415418529498
-10.932848855623405,139.57745659325622
-42.03680218922787,-70.83213798219444
41.55640045442499,-137.26377905800751
27.710844636742564,129.20367020545535
-43.30884198007321,-45.79677630694994
77.37350388301371,29.69992624577972
-0.9525947716183509,100.50466672935244
25.855509646194804,-2.357396366420062
-48.98341627788262,150.65976408082474
-80.86540814073248,144.50367159646896
6.621880509501807,-2.758826505273987
42.12337215966798,-122.32186789122193
-18.056268509316638,-124.37830313399306
77.91212878922286,-161.4246205179283
55.55287521199128,-95.75950743294183
15.687689249492408,-58.74452688257465
-50.17642841806462,130.6246905655155
59.4317419147317,40.459136552471364
60.02917516629381,133.21527829888083
78.80923414272303,-26.892411390502332
-9.415317207377171,31.527882033322555
23.99613682512961,8.337975139400783
41.985843487414314,60.950688188553755
31.81443127046866,-42.36334478615126
42.01308531780293,97.02094883015849
6.281953892547534,101.54475528860604
-44.71260387080973,-115.06000281199718
4.252054856969821,45.4741569543215
-12.063173074650706,122.73477324242725
21.406088276913493,6.185761356517219
43.78744999732143,130.11933984821422
-66.89511770080725,-63.464892177656964
56.062972956449954,33.433626186562975
-17.930320574083495,99.58715121856324
-89.00767080002366,10.649948698597512
27.13918734283932,-1.1480065332567335
28.994503594368965,156.2595852792261
-64.6718745068392,102.14948798578479
57.40261764339007,-143.46053994448744
47.638220722865555,-78.9791905934703
73.35329052871441,-124.97594220091293
-77.45059173581618,-6.019528046116108
-57.59326839489695,-146.7485251800791
-71.8720271711426,-121.14116933290438
89.75233223425681,-168.83413226818504
55.5842396490938,2.923100993126951
-19.440741543572344,-117.83783378943184
78.42593764014177,-63.125205921925186
-3.2307737091327766,-148.78129794747272
-56.3122218611531,-58.87749644983087
76.28179083879797,-34.81983180139966
45.28077644901987,140.0163831282021
17.880641307806314,-96.74247233551162
-8.910672621165887,135.32587179212265
82.88046377048587,-86.81353274770322
59.04182446611486,102.40988265451705
-64.52787003623934,-3.4816297083756638
38.72243499038345,-43.7289336447017
27.90755109606897,-122.35474590690545
69.57045748964782,-24.959272625332034
-78.17330821673485,-39.99721376134306
3.4357796463739874,-98.67199608359418
-63.42961789704066,-30.84384089584981
38.4682045621293,-75.7289879501378
-34.00655423775785,-138.79764829332487
-25.384154078614515,42.98414135325825
28.758749411909974,14.049892158449296
68.93364092993457,148.8957390474152
-12.683933341249201,-162.0932676935606
12.855644116893345,-75.59547313942804
27.583600811734314,-173.69458517041014
-12.93793793717714,-28.98155253635656
-53.86250124955868,-60.21963481744811
2.92608953590603,-22.243014891962986
78.55953396281095,-86.61210681169077
66.47995178454028,-165.35178921872773
-81.993494683057,179.8400115565447
-72.94124803774122,-20.74631267678521
-33.2493802348032,-74.98172060448549
-35.7175079312208,-72.5476849479704
63.232140624110485,-176.34909274415529
-30.937387543390678,108.62844127066256
63.088861734071344,154.746906753624
-40.48107350865703,125.85036127998939
19.499355951227372,-43.48261270587284
-47.892053168587054,152.89906102461242
57.19174025226974,-8.171006192248171
-83.62639945879377,-111.56336234054055
37.58481956730414,-106.25749385192934
26.500313185755715,-35.17054306843124
50.89270624743381,-45.60339894921805
73.94939535832495,145.87105186491362
-38.6513973815488,-47.172383335061824
-75.52434234243115,30.093642326616077
-28.27754683227112,159.93517928829112
